-- scopy v2 시드 데이터 (generate_seed.py로 생성 — 직접 수정하지 말 것)
PRAGMA foreign_keys = ON;
BEGIN TRANSACTION;
INSERT INTO tags (id, tag_type, parent_id, title) VALUES
(518, 'category', NULL, '개발'),
(517, 'category', NULL, '데이터'),
(511, 'category', NULL, '디자인'),
(507, 'category', NULL, '기획·PM'),
(523, 'category', NULL, '마케팅'),
(872, 'subcategory', 518, '서버 개발자'),
(669, 'subcategory', 518, '프론트엔드 개발자'),
(677, 'subcategory', 518, 'iOS 개발자'),
(678, 'subcategory', 518, '안드로이드 개발자'),
(665, 'subcategory', 518, 'DevOps 엔지니어'),
(1634, 'subcategory', 517, '머신러닝 엔지니어'),
(1025, 'subcategory', 517, '데이터 엔지니어'),
(1024, 'subcategory', 517, '데이터 분석가'),
(895, 'subcategory', 511, '프로덕트 디자이너'),
(899, 'subcategory', 511, '브랜드 디자이너'),
(876, 'subcategory', 507, '프로덕트 매니저'),
(878, 'subcategory', 507, '서비스 기획자'),
(1030, 'subcategory', 523, '퍼포먼스 마케터'),
(1032, 'subcategory', 523, '콘텐츠 마케터'),
(2217, 'skill', NULL, 'Python'),
(3078, 'skill', NULL, 'TypeScript'),
(2386, 'skill', NULL, 'React'),
(1698, 'skill', NULL, 'Kotlin'),
(2119, 'skill', NULL, 'Swift'),
(2225, 'skill', NULL, 'AWS'),
(1411, 'skill', NULL, 'Kubernetes'),
(2276, 'skill', NULL, 'Go'),
(2412, 'skill', NULL, 'Java'),
(2551, 'skill', NULL, 'Node.js'),
(3776, 'skill', NULL, 'PyTorch'),
(2450, 'skill', NULL, 'Spark'),
(2094, 'skill', NULL, 'SQL'),
(2731, 'skill', NULL, 'Airflow'),
(2842, 'skill', NULL, 'Tableau'),
(1866, 'skill', NULL, 'Figma'),
(2903, 'skill', NULL, 'Framer'),
(2521, 'skill', NULL, 'GA4'),
(2634, 'skill', NULL, 'SEO'),
(2955, 'skill', NULL, 'Notion'),
(10508, 'attraction', NULL, '재택근무'),
(10509, 'attraction', NULL, '유연근무'),
(10431, 'attraction', NULL, '스톡옵션'),
(10444, 'attraction', NULL, '자율복장'),
(10462, 'attraction', NULL, '워크샵'),
(10427, 'attraction', NULL, '복지포인트'),
(10433, 'attraction', NULL, '자기계발지원'),
(10437, 'attraction', NULL, '식대지원'),
(10436, 'attraction', NULL, '커피·스낵바'),
(10432, 'attraction', NULL, '임직원할인'),
(10435, 'attraction', NULL, '해외연수'),
(10441, 'attraction', NULL, '수평적조직'),
(10420, 'attraction', NULL, '유급휴가'),
(10415, 'attraction', NULL, '주4일근무'),
(10430, 'attraction', NULL, '대출지원'),
(10426, 'attraction', NULL, '보너스'),
(10438, 'attraction', NULL, '휴가비'),
(10425, 'attraction', NULL, '의료비지원');
INSERT INTO companies (id, name, industry_name, address, founded_date, age, employee_count, average_salary, hired_salary, sales_amount, sales_per_person, hire_rate, left_rate, link) VALUES
(1, '코드나인', '소프트웨어 개발업', '서울 강남구', '2018-08-01', 8, 1487, 9500, 8611, 362828, 244, 24, 7, 'https://www.wanted.co.kr/company/1'),
(2, '데이터포지', '정보서비스업', '서울 서초구', '2010-11-01', 16, 142, 8800, 8336, 30814, 217, 13, 11, 'https://www.wanted.co.kr/company/2'),
(3, '핀틀리', '핀테크·금융서비스업', '서울 영등포구', '2021-11-01', 5, 247, 8400, 7700, 74100, 300, 26, 15, 'https://www.wanted.co.kr/company/3'),
(4, '메딕솔루션', '헬스케어 플랫폼업', '서울 송파구', '2018-01-01', 8, 92, 6700, 5950, 20332, 221, 23, 6, 'https://www.wanted.co.kr/company/4'),
(5, '커머스랩', '전자상거래업', '서울 잠실', '2013-10-01', 13, 1283, 6700, 5986, 183469, 143, 26, 22, 'https://www.wanted.co.kr/company/5'),
(6, '클라우드베이스', '클라우드 인프라업', '경기 성남시 분당구', '2022-10-01', 4, 221, 8800, 8485, 46631, 211, 13, 7, 'https://www.wanted.co.kr/company/6'),
(7, '무빙테크', '모빌리티 플랫폼업', '서울 성수동', '2016-11-01', 10, 173, 6300, 5664, 72487, 419, 32, 18, 'https://www.wanted.co.kr/company/7'),
(8, '에듀플로우', '에듀테크업', '서울 마포구', '2014-03-01', 12, 49, 4700, 3938, 7448, 152, 25, 13, 'https://www.wanted.co.kr/company/8'),
(9, '그린에너지랩', '에너지 IT업', '대전 유성구', '2013-11-01', 13, 50, 6000, 5165, 19950, 399, 14, 11, 'https://www.wanted.co.kr/company/9'),
(10, '푸디언', '푸드테크업', '서울 용산구', '2010-01-01', 16, 40, 4900, 4422, 8160, 204, 28, 25, 'https://www.wanted.co.kr/company/10'),
(11, '트래블노트', '여행 플랫폼업', '제주 제주시', '2014-09-01', 12, 35, 4500, 4172, 6860, 196, 15, 13, 'https://www.wanted.co.kr/company/11'),
(12, '시큐어원', '정보보안업', '판교', '2021-02-01', 5, 102, 9400, 8761, 33558, 329, 12, 8, 'https://www.wanted.co.kr/company/12'),
(13, '애드모먼트', '광고 플랫폼업', '서울 강남구', '2008-05-01', 18, 55, 6900, 6196, 21230, 386, 35, 20, 'https://www.wanted.co.kr/company/13'),
(14, '로보틱스원', '로봇·자동화업', '경기 수원시', '2020-12-01', 6, 353, 6000, 5181, 117196, 332, 24, 6, 'https://www.wanted.co.kr/company/14'),
(15, '콘텐츠빌', '콘텐츠 플랫폼업', '서울 합정동', '2008-12-01', 18, 22, 4300, 3512, 8140, 370, 32, 18, 'https://www.wanted.co.kr/company/15'),
(16, '바이오데이터', '바이오 인포매틱스업', '인천 송도', '2009-07-01', 17, 44, 7800, 7421, 10296, 234, 24, 10, 'https://www.wanted.co.kr/company/16'),
(17, '리테일마인드', '리테일 테크업', '서울 중구', '2016-01-01', 10, 245, 6600, 5847, 74235, 303, 31, 20, 'https://www.wanted.co.kr/company/17'),
(18, '게임스튜디오한', '게임 개발업', '판교', '2013-11-01', 13, 282, 5700, 5386, 84882, 301, 38, 30, 'https://www.wanted.co.kr/company/18'),
(19, '스페이스로직', '부동산 플랫폼업', '서울 역삼동', '2012-02-01', 14, 23, 5700, 5002, 6049, 263, 19, 17, 'https://www.wanted.co.kr/company/19'),
(20, '펫프렌즈랩', '반려동물 서비스업', '서울 성동구', '2013-07-01', 13, 53, 5200, 4559, 21836, 412, 33, 18, 'https://www.wanted.co.kr/company/20');
INSERT INTO company_tags (company_id, tag_id) VALUES
(1, 10437),
(1, 10420),
(1, 10432),
(1, 10430),
(2, 10420),
(2, 10437),
(2, 10433),
(2, 10436),
(2, 10441),
(3, 10508),
(3, 10427),
(3, 10436),
(4, 10441),
(4, 10437),
(4, 10508),
(4, 10427),
(4, 10509),
(5, 10426),
(5, 10437),
(5, 10427),
(5, 10425),
(5, 10438),
(6, 10427),
(6, 10420),
(6, 10441),
(7, 10437),
(7, 10508),
(7, 10420),
(7, 10441),
(8, 10433),
(8, 10441),
(8, 10444),
(9, 10431),
(9, 10433),
(9, 10509),
(10, 10441),
(10, 10462),
(10, 10420),
(11, 10444),
(11, 10420),
(11, 10433),
(11, 10415),
(12, 10436),
(12, 10508),
(12, 10420),
(13, 10508),
(13, 10433),
(13, 10431),
(14, 10437),
(14, 10420),
(14, 10427),
(14, 10441),
(15, 10462),
(15, 10415),
(15, 10420),
(15, 10444),
(15, 10431),
(16, 10508),
(16, 10420),
(16, 10431),
(17, 10509),
(17, 10427),
(17, 10441),
(17, 10437),
(17, 10426),
(18, 10433),
(18, 10426),
(18, 10420),
(19, 10415),
(19, 10431),
(19, 10508),
(20, 10415),
(20, 10509),
(20, 10444),
(20, 10462),
(20, 10433);
INSERT INTO jobs (id, company_id, name, status, category_tag_id, employment_type, annual_from, annual_to, location, country, reward_total, reward_recommender, reward_recommendee, created_at, due_time, url) VALUES
(300001, 7, '전략 기획 매니저', 'close', 507, 'regular', 3, 10, '서울 성수동', 'KR', 500000, 250000, 250000, '2026-05-13 11:00:00', '2026-07-01', 'https://www.wanted.co.kr/wd/300001'),
(300002, 14, '주니어 데이터 분석가', 'active', 517, 'regular', 0, 3, '경기 수원시', 'KR', 2000000, 1000000, 1000000, '2026-06-22 13:00:00', NULL, 'https://www.wanted.co.kr/wd/300002'),
(300003, 8, 'Android 엔지니어', 'close', 518, 'regular', 3, 7, '서울 마포구', 'KR', 700000, 350000, 350000, '2026-05-14 08:00:00', '2026-07-10', 'https://www.wanted.co.kr/wd/300003'),
(300004, 6, '리드 DevOps 엔지니어', 'active', 518, 'regular', 8, 10, '경기 성남시 분당구', 'KR', 1500000, 750000, 750000, '2026-06-18 18:00:00', '2026-07-18', 'https://www.wanted.co.kr/wd/300004'),
(300005, 1, '프로덕트 매니저', 'close', 507, 'regular', 1, 4, '서울 강남구', 'KR', 1000000, 500000, 500000, '2026-04-28 18:00:00', '2026-06-25', 'https://www.wanted.co.kr/wd/300005'),
(300006, 20, '시니어 React 개발자', 'close', 518, 'regular', 8, 10, '서울 성동구', 'KR', 700000, 350000, 350000, '2026-05-12 08:00:00', '2026-07-03', 'https://www.wanted.co.kr/wd/300006'),
(300007, 5, '그로스 마케터', 'active', 523, 'intern', 0, 1, '서울 잠실', 'KR', 1000000, 500000, 500000, '2026-04-24 06:00:00', '2026-06-07', 'https://www.wanted.co.kr/wd/300007'),
(300008, 9, 'DevOps 엔지니어', 'active', 518, 'regular', 3, 6, '대전 유성구', 'KR', 1000000, 500000, 500000, '2026-06-25 10:00:00', '2026-08-20', 'https://www.wanted.co.kr/wd/300008'),
(300009, 18, '시니어 iOS 개발자', 'active', 518, 'regular', 5, 10, '판교', 'KR', 1000000, 500000, 500000, '2026-06-18 11:00:00', '2026-07-30', 'https://www.wanted.co.kr/wd/300009'),
(300010, 3, '시니어 프로덕트 오너', 'active', 507, 'regular', 8, 10, '서울 영등포구', 'KR', 2000000, 1000000, 1000000, '2026-06-11 09:00:00', NULL, 'https://www.wanted.co.kr/wd/300010'),
(300011, 15, '주니어 인프라 엔지니어', 'active', 518, 'regular', 0, 3, '서울 합정동', 'KR', 700000, 350000, 350000, '2026-05-15 16:00:00', '2026-06-29', 'https://www.wanted.co.kr/wd/300011'),
(300012, 16, '시니어 ML 리서치 엔지니어', 'active', 517, 'regular', 7, 10, '인천 송도', 'KR', 500000, 250000, 250000, '2026-06-06 16:00:00', NULL, 'https://www.wanted.co.kr/wd/300012'),
(300013, 12, '콘텐츠 마케터', 'active', 523, 'intern', 0, 1, '판교', 'KR', 1000000, 500000, 500000, '2026-06-28 15:00:00', '2026-08-21', 'https://www.wanted.co.kr/wd/300013'),
(300014, 12, '시니어 인프라 엔지니어', 'active', 518, 'regular', 5, 10, '판교', 'KR', 2000000, 1000000, 1000000, '2026-06-18 14:00:00', '2026-08-10', 'https://www.wanted.co.kr/wd/300014'),
(300015, 9, '브랜드 디자이너', 'active', 511, 'regular', 3, 7, '대전 유성구', 'KR', 1000000, 500000, 500000, '2026-06-28 06:00:00', NULL, 'https://www.wanted.co.kr/wd/300015'),
(300016, 6, 'iOS 개발자', 'close', 518, 'regular', 0, 4, '경기 성남시 분당구', 'KR', 1500000, 750000, 750000, '2026-05-16 06:00:00', '2026-07-11', 'https://www.wanted.co.kr/wd/300016'),
(300017, 15, '서비스 기획자', 'active', 507, 'regular', 0, 4, '서울 합정동', 'KR', 1000000, 500000, 500000, '2026-05-28 10:00:00', '2026-08-08', 'https://www.wanted.co.kr/wd/300017'),
(300018, 8, '웹 프론트엔드 엔지니어', 'active', 518, 'regular', 0, 3, '서울 마포구', 'KR', 1000000, 500000, 500000, '2026-06-14 11:00:00', '2026-08-05', 'https://www.wanted.co.kr/wd/300018'),
(300019, 7, 'SRE', 'active', 518, 'regular', 2, 7, '서울 성수동', 'KR', 1000000, 500000, 500000, '2026-06-16 17:00:00', '2026-08-17', 'https://www.wanted.co.kr/wd/300019'),
(300020, 16, '퍼포먼스 마케터', 'active', 523, 'contract', 0, 4, '인천 송도', 'KR', 1000000, 500000, 500000, '2026-06-27 17:00:00', '2026-09-07', 'https://www.wanted.co.kr/wd/300020'),
(300021, 8, '시니어 SRE', 'active', 518, 'regular', 5, 10, '서울 마포구', 'KR', 2000000, 1000000, 1000000, '2026-05-19 14:00:00', NULL, 'https://www.wanted.co.kr/wd/300021'),
(300022, 13, 'SRE', 'active', 518, 'regular', 5, 10, '서울 강남구', 'KR', 2000000, 1000000, 1000000, '2026-06-07 17:00:00', NULL, 'https://www.wanted.co.kr/wd/300022'),
(300023, 2, '주니어 DevOps 엔지니어', 'active', 518, 'regular', 0, 2, '서울 서초구', 'KR', 1000000, 500000, 500000, '2026-06-29 07:00:00', '2026-08-15', 'https://www.wanted.co.kr/wd/300023'),
(300024, 2, '리드 전략 기획 매니저', 'active', 507, 'regular', 7, 10, '서울 서초구', 'KR', 1000000, 500000, 500000, '2026-05-28 17:00:00', '2026-07-29', 'https://www.wanted.co.kr/wd/300024'),
(300025, 4, '인프라 엔지니어', 'active', 518, 'regular', 0, 4, '서울 송파구', 'KR', 700000, 350000, 350000, '2026-07-11 11:00:00', '2026-08-30', 'https://www.wanted.co.kr/wd/300025'),
(300026, 5, '리드 플랫폼 서버 엔지니어', 'close', 518, 'regular', 5, 10, '서울 잠실', 'KR', 1000000, 500000, 500000, '2026-05-14 14:00:00', '2026-07-04', 'https://www.wanted.co.kr/wd/300026'),
(300027, 9, '시니어 콘텐츠 마케터', 'active', 523, 'regular', 8, 10, '대전 유성구', 'KR', 700000, 350000, 350000, '2026-05-29 09:00:00', '2026-07-06', 'https://www.wanted.co.kr/wd/300027'),
(300028, 11, '브랜드 디자이너', 'active', 511, 'regular', 1, 8, '제주 제주시', 'KR', 1000000, 500000, 500000, '2026-06-17 08:00:00', NULL, 'https://www.wanted.co.kr/wd/300028'),
(300029, 13, '프로덕트 애널리스트', 'active', 517, 'regular', 0, 5, '서울 강남구', 'KR', 500000, 250000, 250000, '2026-04-26 07:00:00', '2026-06-29', 'https://www.wanted.co.kr/wd/300029'),
(300030, 10, '서비스 기획자', 'active', 507, 'intern', 0, 1, '서울 용산구', 'KR', 2000000, 1000000, 1000000, '2026-05-16 06:00:00', NULL, 'https://www.wanted.co.kr/wd/300030'),
(300031, 18, 'React 개발자', 'active', 518, 'regular', 2, 7, '판교', 'KR', 700000, 350000, 350000, '2026-07-04 18:00:00', '2026-08-03', 'https://www.wanted.co.kr/wd/300031'),
(300032, 4, 'React 개발자', 'active', 518, 'intern', 0, 1, '서울 송파구', 'KR', 500000, 250000, 250000, '2026-04-28 14:00:00', '2026-06-12', 'https://www.wanted.co.kr/wd/300032'),
(300033, 6, '시니어 인프라 엔지니어', 'active', 518, 'intern', 0, 1, '경기 성남시 분당구', 'KR', 1000000, 500000, 500000, '2026-06-09 14:00:00', '2026-08-06', 'https://www.wanted.co.kr/wd/300033'),
(300034, 8, '프로덕트 디자이너', 'close', 511, 'regular', 0, 5, '서울 마포구', 'KR', 2000000, 1000000, 1000000, '2026-04-26 16:00:00', '2026-07-07', 'https://www.wanted.co.kr/wd/300034'),
(300035, 6, '프로덕트 매니저', 'active', 507, 'regular', 1, 4, '경기 성남시 분당구', 'KR', 500000, 250000, 250000, '2026-05-24 08:00:00', '2026-07-22', 'https://www.wanted.co.kr/wd/300035'),
(300036, 19, '주니어 iOS 개발자', 'active', 518, 'regular', 0, 3, '서울 역삼동', 'KR', 1000000, 500000, 500000, '2026-06-01 10:00:00', NULL, 'https://www.wanted.co.kr/wd/300036'),
(300037, 18, 'AI 엔지니어', 'active', 517, 'intern', 0, 1, '판교', 'KR', 1000000, 500000, 500000, '2026-05-29 18:00:00', '2026-07-09', 'https://www.wanted.co.kr/wd/300037'),
(300038, 1, '주니어 그로스 마케터', 'active', 523, 'regular', 0, 3, '서울 강남구', 'KR', 500000, 250000, 250000, '2026-06-01 12:00:00', '2026-07-20', 'https://www.wanted.co.kr/wd/300038'),
(300039, 15, '서비스 기획자', 'active', 507, 'regular', 3, 8, '서울 합정동', 'KR', 700000, 350000, 350000, '2026-06-02 17:00:00', '2026-07-31', 'https://www.wanted.co.kr/wd/300039'),
(300040, 17, '시니어 그로스 마케터', 'active', 523, 'regular', 5, 10, '서울 중구', 'KR', 1500000, 750000, 750000, '2026-05-10 18:00:00', '2026-07-15', 'https://www.wanted.co.kr/wd/300040'),
(300041, 3, '주니어 그로스 마케터', 'active', 523, 'regular', 0, 3, '서울 영등포구', 'KR', 700000, 350000, 350000, '2026-04-30 08:00:00', NULL, 'https://www.wanted.co.kr/wd/300041'),
(300042, 9, '시니어 인프라 엔지니어', 'active', 518, 'regular', 8, 10, '대전 유성구', 'KR', 500000, 250000, 250000, '2026-06-13 10:00:00', '2026-08-23', 'https://www.wanted.co.kr/wd/300042'),
(300043, 8, '머신러닝 엔지니어', 'active', 517, 'regular', 3, 10, '서울 마포구', 'KR', 2000000, 1000000, 1000000, '2026-06-20 18:00:00', '2026-08-08', 'https://www.wanted.co.kr/wd/300043'),
(300044, 3, '리드 플랫폼 서버 엔지니어', 'active', 518, 'regular', 8, 10, '서울 영등포구', 'KR', 700000, 350000, 350000, '2026-06-09 06:00:00', '2026-08-18', 'https://www.wanted.co.kr/wd/300044'),
(300045, 14, '시니어 iOS 개발자', 'active', 518, 'regular', 7, 10, '경기 수원시', 'KR', 700000, 350000, 350000, '2026-05-24 17:00:00', '2026-07-24', 'https://www.wanted.co.kr/wd/300045'),
(300046, 12, '프로덕트 매니저', 'active', 507, 'intern', 0, 1, '판교', 'KR', 700000, 350000, 350000, '2026-05-30 16:00:00', NULL, 'https://www.wanted.co.kr/wd/300046'),
(300047, 7, '서버 개발자', 'active', 518, 'regular', 3, 7, '서울 성수동', 'KR', 500000, 250000, 250000, '2026-06-27 09:00:00', '2026-08-21', 'https://www.wanted.co.kr/wd/300047'),
(300048, 1, '리드 브랜드 디자이너', 'active', 511, 'regular', 8, 10, '서울 강남구', 'KR', 1000000, 500000, 500000, '2026-06-12 07:00:00', '2026-07-31', 'https://www.wanted.co.kr/wd/300048'),
(300049, 12, 'Android 엔지니어', 'active', 518, 'regular', 1, 4, '판교', 'KR', 700000, 350000, 350000, '2026-06-08 09:00:00', '2026-07-17', 'https://www.wanted.co.kr/wd/300049'),
(300050, 4, '리드 브랜드 마케터', 'active', 523, 'regular', 8, 10, '서울 송파구', 'KR', 500000, 250000, 250000, '2026-07-05 08:00:00', '2026-08-06', 'https://www.wanted.co.kr/wd/300050'),
(300051, 17, '시니어 콘텐츠 마케터', 'active', 523, 'contract', 8, 10, '서울 중구', 'KR', 1000000, 500000, 500000, '2026-05-28 16:00:00', '2026-06-28', 'https://www.wanted.co.kr/wd/300051'),
(300052, 9, '시니어 머신러닝 엔지니어', 'active', 517, 'regular', 8, 10, '대전 유성구', 'KR', 500000, 250000, 250000, '2026-06-23 07:00:00', NULL, 'https://www.wanted.co.kr/wd/300052'),
(300053, 8, '시니어 콘텐츠 마케터', 'active', 523, 'regular', 7, 10, '서울 마포구', 'KR', 1500000, 750000, 750000, '2026-05-22 14:00:00', '2026-08-05', 'https://www.wanted.co.kr/wd/300053'),
(300054, 6, '시니어 전략 기획 매니저', 'active', 507, 'regular', 8, 10, '경기 성남시 분당구', 'KR', 500000, 250000, 250000, '2026-06-24 14:00:00', NULL, 'https://www.wanted.co.kr/wd/300054'),
(300055, 13, '데이터 엔지니어', 'active', 517, 'contract', 5, 8, '서울 강남구', 'KR', 2000000, 1000000, 1000000, '2026-07-06 13:00:00', '2026-08-08', 'https://www.wanted.co.kr/wd/300055'),
(300056, 3, '리드 콘텐츠 마케터', 'active', 523, 'regular', 8, 10, '서울 영등포구', 'KR', 2000000, 1000000, 1000000, '2026-05-19 10:00:00', '2026-07-08', 'https://www.wanted.co.kr/wd/300056'),
(300057, 11, '리드 Android 엔지니어', 'active', 518, 'regular', 7, 10, '제주 제주시', 'KR', 500000, 250000, 250000, '2026-05-08 16:00:00', '2026-07-03', 'https://www.wanted.co.kr/wd/300057'),
(300058, 5, 'DevOps 엔지니어', 'active', 518, 'regular', 3, 8, '서울 잠실', 'KR', 500000, 250000, 250000, '2026-06-28 09:00:00', NULL, 'https://www.wanted.co.kr/wd/300058'),
(300059, 20, '시니어 iOS 개발자', 'active', 518, 'intern', 0, 1, '서울 성동구', 'KR', 2000000, 1000000, 1000000, '2026-06-29 06:00:00', NULL, 'https://www.wanted.co.kr/wd/300059'),
(300060, 5, '리드 프로덕트 디자이너', 'active', 511, 'regular', 8, 10, '서울 잠실', 'KR', 1500000, 750000, 750000, '2026-06-04 15:00:00', '2026-08-14', 'https://www.wanted.co.kr/wd/300060'),
(300061, 2, '데이터 엔지니어', 'active', 517, 'regular', 3, 7, '서울 서초구', 'KR', 1000000, 500000, 500000, '2026-06-30 15:00:00', '2026-08-15', 'https://www.wanted.co.kr/wd/300061'),
(300062, 20, '주니어 React 개발자', 'active', 518, 'regular', 0, 2, '서울 성동구', 'KR', 1000000, 500000, 500000, '2026-06-11 11:00:00', '2026-08-10', 'https://www.wanted.co.kr/wd/300062'),
(300063, 4, 'SRE', 'close', 518, 'regular', 0, 5, '서울 송파구', 'KR', 1000000, 500000, 500000, '2026-04-28 16:00:00', '2026-07-11', 'https://www.wanted.co.kr/wd/300063'),
(300064, 2, '주니어 데이터 플랫폼 엔지니어', 'active', 517, 'regular', 0, 3, '서울 서초구', 'KR', 1000000, 500000, 500000, '2026-06-23 15:00:00', '2026-08-11', 'https://www.wanted.co.kr/wd/300064'),
(300065, 6, '주니어 그래픽 디자이너', 'active', 511, 'regular', 0, 3, '경기 성남시 분당구', 'KR', 2000000, 1000000, 1000000, '2026-06-06 11:00:00', NULL, 'https://www.wanted.co.kr/wd/300065'),
(300066, 10, '리드 서비스 기획자', 'active', 507, 'regular', 5, 10, '서울 용산구', 'KR', 1500000, 750000, 750000, '2026-05-27 15:00:00', NULL, 'https://www.wanted.co.kr/wd/300066'),
(300067, 8, '주니어 iOS 개발자', 'active', 518, 'regular', 0, 3, '서울 마포구', 'KR', 2000000, 1000000, 1000000, '2026-06-01 15:00:00', '2026-07-04', 'https://www.wanted.co.kr/wd/300067'),
(300068, 5, 'React 개발자', 'active', 518, 'regular', 3, 6, '서울 잠실', 'KR', 1000000, 500000, 500000, '2026-06-10 12:00:00', '2026-08-03', 'https://www.wanted.co.kr/wd/300068'),
(300069, 17, '데이터 플랫폼 엔지니어', 'active', 517, 'contract', 2, 9, '서울 중구', 'KR', 2000000, 1000000, 1000000, '2026-06-27 06:00:00', '2026-08-18', 'https://www.wanted.co.kr/wd/300069'),
(300070, 1, '브랜드 디자이너', 'active', 511, 'regular', 0, 3, '서울 강남구', 'KR', 1000000, 500000, 500000, '2026-06-14 10:00:00', '2026-08-01', 'https://www.wanted.co.kr/wd/300070'),
(300071, 14, '주니어 Java 백엔드 개발자', 'active', 518, 'regular', 0, 2, '경기 수원시', 'KR', 1000000, 500000, 500000, '2026-06-22 06:00:00', NULL, 'https://www.wanted.co.kr/wd/300071'),
(300072, 9, '시니어 백엔드 엔지니어', 'active', 518, 'regular', 8, 10, '대전 유성구', 'KR', 1500000, 750000, 750000, '2026-06-21 14:00:00', '2026-07-29', 'https://www.wanted.co.kr/wd/300072'),
(300073, 11, '프로덕트 매니저', 'active', 507, 'regular', 1, 6, '제주 제주시', 'KR', 1000000, 500000, 500000, '2026-06-22 09:00:00', '2026-08-24', 'https://www.wanted.co.kr/wd/300073'),
(300074, 19, '퍼포먼스 마케터', 'active', 523, 'regular', 0, 3, '서울 역삼동', 'KR', 500000, 250000, 250000, '2026-07-01 08:00:00', '2026-09-14', 'https://www.wanted.co.kr/wd/300074'),
(300075, 18, '시니어 안드로이드 개발자', 'active', 518, 'regular', 7, 10, '판교', 'KR', 700000, 350000, 350000, '2026-06-10 09:00:00', '2026-07-20', 'https://www.wanted.co.kr/wd/300075'),
(300076, 11, '시니어 ML 리서치 엔지니어', 'active', 517, 'intern', 0, 1, '제주 제주시', 'KR', 1000000, 500000, 500000, '2026-07-06 06:00:00', NULL, 'https://www.wanted.co.kr/wd/300076'),
(300077, 3, '시니어 데이터 분석가', 'active', 517, 'regular', 8, 10, '서울 영등포구', 'KR', 1000000, 500000, 500000, '2026-06-27 17:00:00', '2026-08-15', 'https://www.wanted.co.kr/wd/300077'),
(300078, 2, '주니어 Android 엔지니어', 'active', 518, 'regular', 0, 3, '서울 서초구', 'KR', 700000, 350000, 350000, '2026-05-10 08:00:00', NULL, 'https://www.wanted.co.kr/wd/300078'),
(300079, 4, '서비스 기획자', 'active', 507, 'regular', 5, 9, '서울 송파구', 'KR', 2000000, 1000000, 1000000, '2026-04-30 16:00:00', '2026-07-01', 'https://www.wanted.co.kr/wd/300079'),
(300080, 4, '리드 Android 엔지니어', 'active', 518, 'regular', 5, 10, '서울 송파구', 'KR', 700000, 350000, 350000, '2026-06-02 16:00:00', '2026-07-20', 'https://www.wanted.co.kr/wd/300080'),
(300081, 8, '프로덕트 애널리스트', 'active', 517, 'regular', 1, 8, '서울 마포구', 'KR', 500000, 250000, 250000, '2026-05-12 17:00:00', '2026-07-18', 'https://www.wanted.co.kr/wd/300081'),
(300082, 11, '리드 iOS 개발자', 'active', 518, 'regular', 5, 10, '제주 제주시', 'KR', 1000000, 500000, 500000, '2026-05-21 15:00:00', '2026-07-21', 'https://www.wanted.co.kr/wd/300082'),
(300083, 6, 'iOS 앱 엔지니어', 'active', 518, 'regular', 3, 10, '경기 성남시 분당구', 'KR', 1000000, 500000, 500000, '2026-06-18 16:00:00', '2026-08-28', 'https://www.wanted.co.kr/wd/300083'),
(300084, 15, '프론트엔드 개발자', 'close', 518, 'intern', 0, 1, '서울 합정동', 'KR', 700000, 350000, 350000, '2026-05-07 06:00:00', '2026-07-05', 'https://www.wanted.co.kr/wd/300084'),
(300085, 2, 'iOS 개발자', 'active', 518, 'regular', 5, 8, '서울 서초구', 'KR', 1500000, 750000, 750000, '2026-05-24 07:00:00', '2026-07-27', 'https://www.wanted.co.kr/wd/300085'),
(300086, 15, '시니어 SRE', 'active', 518, 'regular', 5, 10, '서울 합정동', 'KR', 1500000, 750000, 750000, '2026-06-27 11:00:00', NULL, 'https://www.wanted.co.kr/wd/300086'),
(300087, 20, '콘텐츠 마케터', 'active', 523, 'regular', 0, 7, '서울 성동구', 'KR', 1000000, 500000, 500000, '2026-06-11 07:00:00', '2026-07-25', 'https://www.wanted.co.kr/wd/300087'),
(300088, 2, '시니어 데이터 플랫폼 엔지니어', 'active', 517, 'regular', 5, 10, '서울 서초구', 'KR', 1500000, 750000, 750000, '2026-06-03 18:00:00', '2026-07-18', 'https://www.wanted.co.kr/wd/300088'),
(300089, 20, '주니어 프로덕트 매니저', 'active', 507, 'regular', 0, 2, '서울 성동구', 'KR', 700000, 350000, 350000, '2026-06-25 14:00:00', NULL, 'https://www.wanted.co.kr/wd/300089'),
(300090, 20, '주니어 iOS 개발자', 'active', 518, 'regular', 0, 2, '서울 성동구', 'KR', 1000000, 500000, 500000, '2026-06-20 07:00:00', NULL, 'https://www.wanted.co.kr/wd/300090'),
(300091, 17, '데이터 엔지니어', 'active', 517, 'regular', 5, 10, '서울 중구', 'KR', 700000, 350000, 350000, '2026-06-12 11:00:00', '2026-08-24', 'https://www.wanted.co.kr/wd/300091'),
(300092, 14, '프로덕트 매니저', 'active', 507, 'regular', 2, 9, '경기 수원시', 'KR', 500000, 250000, 250000, '2026-06-01 07:00:00', '2026-08-14', 'https://www.wanted.co.kr/wd/300092'),
(300093, 3, '시니어 인프라 엔지니어', 'active', 518, 'regular', 7, 10, '서울 영등포구', 'KR', 1000000, 500000, 500000, '2026-06-16 10:00:00', '2026-07-20', 'https://www.wanted.co.kr/wd/300093'),
(300094, 11, '인프라 엔지니어', 'active', 518, 'regular', 1, 6, '제주 제주시', 'KR', 1000000, 500000, 500000, '2026-05-10 15:00:00', '2026-07-19', 'https://www.wanted.co.kr/wd/300094'),
(300095, 17, '리드 브랜드 마케터', 'active', 523, 'regular', 5, 10, '서울 중구', 'KR', 2000000, 1000000, 1000000, '2026-06-07 09:00:00', NULL, 'https://www.wanted.co.kr/wd/300095'),
(300096, 17, '시니어 플랫폼 서버 엔지니어', 'active', 518, 'contract', 5, 10, '서울 중구', 'KR', 1000000, 500000, 500000, '2026-06-12 07:00:00', '2026-08-14', 'https://www.wanted.co.kr/wd/300096'),
(300097, 3, '그로스 마케터', 'active', 523, 'regular', 0, 3, '서울 영등포구', 'KR', 1000000, 500000, 500000, '2026-06-27 08:00:00', NULL, 'https://www.wanted.co.kr/wd/300097'),
(300098, 9, '리드 브랜드 마케터', 'active', 523, 'regular', 7, 10, '대전 유성구', 'KR', 1000000, 500000, 500000, '2026-05-24 14:00:00', '2026-06-23', 'https://www.wanted.co.kr/wd/300098'),
(300099, 3, '리드 데이터 분석가', 'active', 517, 'regular', 5, 10, '서울 영등포구', 'KR', 1500000, 750000, 750000, '2026-07-01 15:00:00', '2026-08-12', 'https://www.wanted.co.kr/wd/300099'),
(300100, 6, '시니어 UX/UI 디자이너', 'close', 511, 'regular', 8, 10, '경기 성남시 분당구', 'KR', 500000, 250000, 250000, '2026-05-11 11:00:00', '2026-06-27', 'https://www.wanted.co.kr/wd/300100'),
(300101, 12, '데이터 플랫폼 엔지니어', 'active', 517, 'regular', 3, 10, '판교', 'KR', 2000000, 1000000, 1000000, '2026-06-20 14:00:00', '2026-08-18', 'https://www.wanted.co.kr/wd/300101'),
(300102, 17, '프로덕트 매니저', 'active', 507, 'regular', 0, 3, '서울 중구', 'KR', 1000000, 500000, 500000, '2026-05-25 13:00:00', '2026-07-21', 'https://www.wanted.co.kr/wd/300102'),
(300103, 19, '주니어 데이터 엔지니어', 'active', 517, 'regular', 0, 3, '서울 역삼동', 'KR', 500000, 250000, 250000, '2026-04-23 13:00:00', '2026-06-30', 'https://www.wanted.co.kr/wd/300103'),
(300104, 10, '웹 프론트엔드 엔지니어', 'active', 518, 'regular', 0, 5, '서울 용산구', 'KR', 500000, 250000, 250000, '2026-05-21 11:00:00', '2026-06-24', 'https://www.wanted.co.kr/wd/300104'),
(300105, 4, '리드 프로덕트 애널리스트', 'close', 517, 'regular', 8, 10, '서울 송파구', 'KR', 2000000, 1000000, 1000000, '2026-05-06 07:00:00', '2026-06-28', 'https://www.wanted.co.kr/wd/300105'),
(300106, 20, '주니어 iOS 개발자', 'active', 518, 'contract', 0, 2, '서울 성동구', 'KR', 1500000, 750000, 750000, '2026-06-08 06:00:00', '2026-08-14', 'https://www.wanted.co.kr/wd/300106'),
(300107, 10, '그래픽 디자이너', 'active', 511, 'regular', 1, 6, '서울 용산구', 'KR', 1500000, 750000, 750000, '2026-05-08 13:00:00', '2026-07-09', 'https://www.wanted.co.kr/wd/300107'),
(300108, 9, '주니어 퍼포먼스 마케터', 'active', 523, 'regular', 0, 2, '대전 유성구', 'KR', 2000000, 1000000, 1000000, '2026-06-16 10:00:00', '2026-08-20', 'https://www.wanted.co.kr/wd/300108'),
(300109, 11, '인프라 엔지니어', 'active', 518, 'regular', 0, 5, '제주 제주시', 'KR', 700000, 350000, 350000, '2026-06-06 18:00:00', '2026-07-22', 'https://www.wanted.co.kr/wd/300109'),
(300110, 10, '주니어 프로덕트 디자이너', 'active', 511, 'regular', 0, 2, '서울 용산구', 'KR', 1000000, 500000, 500000, '2026-06-06 17:00:00', '2026-07-17', 'https://www.wanted.co.kr/wd/300110'),
(300111, 14, '시니어 인프라 엔지니어', 'active', 518, 'intern', 0, 1, '경기 수원시', 'KR', 1000000, 500000, 500000, '2026-06-24 18:00:00', '2026-08-07', 'https://www.wanted.co.kr/wd/300111'),
(300112, 7, '주니어 전략 기획 매니저', 'active', 507, 'intern', 0, 1, '서울 성수동', 'KR', 700000, 350000, 350000, '2026-06-24 06:00:00', '2026-08-16', 'https://www.wanted.co.kr/wd/300112'),
(300113, 12, 'UX/UI 디자이너', 'active', 511, 'regular', 3, 8, '판교', 'KR', 2000000, 1000000, 1000000, '2026-05-21 13:00:00', '2026-07-17', 'https://www.wanted.co.kr/wd/300113'),
(300114, 19, '데이터 플랫폼 엔지니어', 'active', 517, 'regular', 0, 7, '서울 역삼동', 'KR', 2000000, 1000000, 1000000, '2026-06-15 11:00:00', '2026-08-28', 'https://www.wanted.co.kr/wd/300114'),
(300115, 20, '리드 데이터 분석가', 'active', 517, 'regular', 8, 10, '서울 성동구', 'KR', 1000000, 500000, 500000, '2026-06-15 14:00:00', '2026-07-23', 'https://www.wanted.co.kr/wd/300115'),
(300116, 16, '시니어 백엔드 엔지니어', 'active', 518, 'regular', 5, 10, '인천 송도', 'KR', 2000000, 1000000, 1000000, '2026-06-03 15:00:00', '2026-07-13', 'https://www.wanted.co.kr/wd/300116'),
(300117, 1, '그래픽 디자이너', 'active', 511, 'regular', 3, 6, '서울 강남구', 'KR', 500000, 250000, 250000, '2026-06-17 16:00:00', '2026-08-30', 'https://www.wanted.co.kr/wd/300117'),
(300118, 8, 'UX/UI 디자이너', 'active', 511, 'regular', 1, 5, '서울 마포구', 'KR', 1000000, 500000, 500000, '2026-05-16 06:00:00', '2026-07-23', 'https://www.wanted.co.kr/wd/300118'),
(300119, 5, '서비스 기획자', 'active', 507, 'regular', 3, 7, '서울 잠실', 'KR', 1500000, 750000, 750000, '2026-06-12 08:00:00', '2026-07-26', 'https://www.wanted.co.kr/wd/300119'),
(300120, 7, 'Android 엔지니어', 'active', 518, 'regular', 3, 7, '서울 성수동', 'KR', 1000000, 500000, 500000, '2026-06-05 11:00:00', '2026-08-08', 'https://www.wanted.co.kr/wd/300120'),
(300121, 16, '리드 데이터 엔지니어', 'active', 517, 'regular', 5, 10, '인천 송도', 'KR', 1500000, 750000, 750000, '2026-06-17 07:00:00', '2026-08-26', 'https://www.wanted.co.kr/wd/300121'),
(300122, 19, '시니어 콘텐츠 마케터', 'active', 523, 'intern', 0, 1, '서울 역삼동', 'KR', 1000000, 500000, 500000, '2026-07-04 14:00:00', '2026-09-05', 'https://www.wanted.co.kr/wd/300122'),
(300123, 12, 'DevOps 엔지니어', 'close', 518, 'regular', 0, 3, '판교', 'KR', 1500000, 750000, 750000, '2026-04-27 07:00:00', '2026-07-01', 'https://www.wanted.co.kr/wd/300123'),
(300124, 15, '플랫폼 서버 엔지니어', 'active', 518, 'regular', 3, 8, '서울 합정동', 'KR', 1000000, 500000, 500000, '2026-06-12 06:00:00', '2026-08-06', 'https://www.wanted.co.kr/wd/300124'),
(300125, 3, 'Android 엔지니어', 'active', 518, 'contract', 0, 3, '서울 영등포구', 'KR', 1000000, 500000, 500000, '2026-06-14 18:00:00', '2026-08-12', 'https://www.wanted.co.kr/wd/300125'),
(300126, 11, '리드 프로덕트 오너', 'active', 507, 'regular', 7, 10, '제주 제주시', 'KR', 700000, 350000, 350000, '2026-07-06 17:00:00', '2026-08-10', 'https://www.wanted.co.kr/wd/300126'),
(300127, 15, '주니어 SRE', 'active', 518, 'regular', 0, 3, '서울 합정동', 'KR', 2000000, 1000000, 1000000, '2026-06-16 16:00:00', '2026-07-16', 'https://www.wanted.co.kr/wd/300127'),
(300128, 10, '시니어 콘텐츠 마케터', 'active', 523, 'regular', 5, 10, '서울 용산구', 'KR', 2000000, 1000000, 1000000, '2026-06-20 06:00:00', NULL, 'https://www.wanted.co.kr/wd/300128'),
(300129, 1, '시니어 DevOps 엔지니어', 'active', 518, 'regular', 5, 10, '서울 강남구', 'KR', 1000000, 500000, 500000, '2026-06-07 16:00:00', '2026-07-19', 'https://www.wanted.co.kr/wd/300129'),
(300130, 9, '리드 DevOps 엔지니어', 'active', 518, 'regular', 8, 10, '대전 유성구', 'KR', 700000, 350000, 350000, '2026-06-03 16:00:00', '2026-07-03', 'https://www.wanted.co.kr/wd/300130'),
(300131, 13, 'iOS 앱 엔지니어', 'close', 518, 'regular', 0, 5, '서울 강남구', 'KR', 1500000, 750000, 750000, '2026-05-14 08:00:00', '2026-07-01', 'https://www.wanted.co.kr/wd/300131'),
(300132, 19, 'Android 엔지니어', 'active', 518, 'intern', 0, 1, '서울 역삼동', 'KR', 1000000, 500000, 500000, '2026-07-06 07:00:00', '2026-08-30', 'https://www.wanted.co.kr/wd/300132'),
(300133, 20, '인프라 엔지니어', 'active', 518, 'regular', 1, 5, '서울 성동구', 'KR', 700000, 350000, 350000, '2026-06-27 14:00:00', '2026-08-03', 'https://www.wanted.co.kr/wd/300133'),
(300134, 10, '웹 프론트엔드 엔지니어', 'active', 518, 'regular', 3, 6, '서울 용산구', 'KR', 2000000, 1000000, 1000000, '2026-06-10 09:00:00', '2026-08-19', 'https://www.wanted.co.kr/wd/300134'),
(300135, 18, '인프라 엔지니어', 'active', 518, 'regular', 5, 8, '판교', 'KR', 500000, 250000, 250000, '2026-07-04 07:00:00', '2026-08-30', 'https://www.wanted.co.kr/wd/300135'),
(300136, 10, '시니어 그래픽 디자이너', 'active', 511, 'regular', 8, 10, '서울 용산구', 'KR', 500000, 250000, 250000, '2026-06-13 15:00:00', '2026-08-02', 'https://www.wanted.co.kr/wd/300136'),
(300137, 12, '시니어 그로스 마케터', 'active', 523, 'regular', 5, 10, '판교', 'KR', 1500000, 750000, 750000, '2026-05-30 18:00:00', NULL, 'https://www.wanted.co.kr/wd/300137'),
(300138, 20, '주니어 데이터 엔지니어', 'active', 517, 'regular', 0, 2, '서울 성동구', 'KR', 1500000, 750000, 750000, '2026-05-22 17:00:00', '2026-07-15', 'https://www.wanted.co.kr/wd/300138'),
(300139, 20, 'iOS 앱 엔지니어', 'active', 518, 'regular', 0, 7, '서울 성동구', 'KR', 2000000, 1000000, 1000000, '2026-06-17 08:00:00', '2026-08-11', 'https://www.wanted.co.kr/wd/300139'),
(300140, 10, '백엔드 엔지니어', 'active', 518, 'regular', 2, 5, '서울 용산구', 'KR', 500000, 250000, 250000, '2026-05-26 18:00:00', '2026-08-01', 'https://www.wanted.co.kr/wd/300140'),
(300141, 10, '주니어 Android 엔지니어', 'active', 518, 'regular', 0, 3, '서울 용산구', 'KR', 700000, 350000, 350000, '2026-05-21 11:00:00', '2026-06-24', 'https://www.wanted.co.kr/wd/300141'),
(300142, 3, '리드 인프라 엔지니어', 'active', 518, 'regular', 8, 10, '서울 영등포구', 'KR', 2000000, 1000000, 1000000, '2026-05-23 18:00:00', '2026-07-28', 'https://www.wanted.co.kr/wd/300142'),
(300143, 16, '리드 ML 리서치 엔지니어', 'active', 517, 'regular', 5, 10, '인천 송도', 'KR', 1500000, 750000, 750000, '2026-06-05 14:00:00', NULL, 'https://www.wanted.co.kr/wd/300143'),
(300144, 11, 'ML 리서치 엔지니어', 'active', 517, 'intern', 0, 1, '제주 제주시', 'KR', 700000, 350000, 350000, '2026-06-22 08:00:00', '2026-08-17', 'https://www.wanted.co.kr/wd/300144'),
(300145, 2, 'iOS 개발자', 'active', 518, 'regular', 2, 5, '서울 서초구', 'KR', 1000000, 500000, 500000, '2026-06-18 17:00:00', '2026-07-30', 'https://www.wanted.co.kr/wd/300145'),
(300146, 6, '주니어 프로덕트 매니저', 'active', 507, 'intern', 0, 1, '경기 성남시 분당구', 'KR', 1500000, 750000, 750000, '2026-06-24 13:00:00', NULL, 'https://www.wanted.co.kr/wd/300146'),
(300147, 19, '전략 기획 매니저', 'active', 507, 'regular', 2, 7, '서울 역삼동', 'KR', 1500000, 750000, 750000, '2026-06-22 18:00:00', NULL, 'https://www.wanted.co.kr/wd/300147'),
(300148, 20, '시니어 SRE', 'active', 518, 'regular', 8, 10, '서울 성동구', 'KR', 1000000, 500000, 500000, '2026-06-09 15:00:00', '2026-08-01', 'https://www.wanted.co.kr/wd/300148'),
(300149, 7, '리드 AI 엔지니어', 'active', 517, 'regular', 8, 10, '서울 성수동', 'KR', 2000000, 1000000, 1000000, '2026-06-30 10:00:00', '2026-09-11', 'https://www.wanted.co.kr/wd/300149'),
(300150, 12, '웹 프론트엔드 엔지니어', 'active', 518, 'contract', 0, 3, '판교', 'KR', 500000, 250000, 250000, '2026-05-28 17:00:00', '2026-08-04', 'https://www.wanted.co.kr/wd/300150'),
(300151, 5, '주니어 데이터 엔지니어', 'active', 517, 'regular', 0, 2, '서울 잠실', 'KR', 1000000, 500000, 500000, '2026-06-27 17:00:00', '2026-08-13', 'https://www.wanted.co.kr/wd/300151'),
(300152, 9, 'iOS 앱 엔지니어', 'active', 518, 'regular', 2, 6, '대전 유성구', 'KR', 1000000, 500000, 500000, '2026-07-06 07:00:00', '2026-09-07', 'https://www.wanted.co.kr/wd/300152'),
(300153, 2, '시니어 프로덕트 매니저', 'active', 507, 'contract', 8, 10, '서울 서초구', 'KR', 2000000, 1000000, 1000000, '2026-06-17 12:00:00', NULL, 'https://www.wanted.co.kr/wd/300153'),
(300154, 6, '인프라 엔지니어', 'active', 518, 'contract', 5, 10, '경기 성남시 분당구', 'KR', 1000000, 500000, 500000, '2026-05-15 10:00:00', '2026-07-22', 'https://www.wanted.co.kr/wd/300154'),
(300155, 10, '프로덕트 매니저', 'active', 507, 'regular', 2, 5, '서울 용산구', 'KR', 500000, 250000, 250000, '2026-06-09 14:00:00', '2026-07-30', 'https://www.wanted.co.kr/wd/300155'),
(300156, 4, '그로스 마케터', 'active', 523, 'regular', 0, 5, '서울 송파구', 'KR', 500000, 250000, 250000, '2026-06-19 10:00:00', '2026-07-22', 'https://www.wanted.co.kr/wd/300156'),
(300157, 13, '주니어 Android 엔지니어', 'active', 518, 'intern', 0, 1, '서울 강남구', 'KR', 1500000, 750000, 750000, '2026-07-01 12:00:00', '2026-08-06', 'https://www.wanted.co.kr/wd/300157'),
(300158, 3, '전략 기획 매니저', 'active', 507, 'regular', 0, 4, '서울 영등포구', 'KR', 700000, 350000, 350000, '2026-05-15 17:00:00', '2026-07-16', 'https://www.wanted.co.kr/wd/300158'),
(300159, 6, 'React 개발자', 'active', 518, 'regular', 3, 6, '경기 성남시 분당구', 'KR', 2000000, 1000000, 1000000, '2026-05-09 07:00:00', NULL, 'https://www.wanted.co.kr/wd/300159'),
(300160, 20, '리드 프로덕트 디자이너', 'active', 511, 'regular', 7, 10, '서울 성동구', 'KR', 2000000, 1000000, 1000000, '2026-06-24 13:00:00', '2026-08-24', 'https://www.wanted.co.kr/wd/300160'),
(300161, 6, '리드 그래픽 디자이너', 'active', 511, 'regular', 5, 10, '경기 성남시 분당구', 'KR', 1000000, 500000, 500000, '2026-05-26 18:00:00', '2026-07-06', 'https://www.wanted.co.kr/wd/300161'),
(300162, 12, '안드로이드 개발자', 'active', 518, 'regular', 0, 5, '판교', 'KR', 500000, 250000, 250000, '2026-06-14 14:00:00', '2026-08-26', 'https://www.wanted.co.kr/wd/300162'),
(300163, 5, '전략 기획 매니저', 'active', 507, 'intern', 0, 1, '서울 잠실', 'KR', 2000000, 1000000, 1000000, '2026-05-13 17:00:00', '2026-07-03', 'https://www.wanted.co.kr/wd/300163'),
(300164, 4, 'React 개발자', 'close', 518, 'regular', 0, 3, '서울 송파구', 'KR', 1000000, 500000, 500000, '2026-05-14 08:00:00', '2026-07-09', 'https://www.wanted.co.kr/wd/300164'),
(300165, 17, '전략 기획 매니저', 'active', 507, 'regular', 3, 10, '서울 중구', 'KR', 500000, 250000, 250000, '2026-06-28 08:00:00', '2026-08-04', 'https://www.wanted.co.kr/wd/300165'),
(300166, 19, '안드로이드 개발자', 'active', 518, 'regular', 3, 6, '서울 역삼동', 'KR', 1500000, 750000, 750000, '2026-06-30 06:00:00', '2026-08-02', 'https://www.wanted.co.kr/wd/300166'),
(300167, 2, '시니어 서비스 기획자', 'active', 507, 'contract', 8, 10, '서울 서초구', 'KR', 2000000, 1000000, 1000000, '2026-06-30 07:00:00', '2026-08-24', 'https://www.wanted.co.kr/wd/300167'),
(300168, 3, '시니어 UX/UI 디자이너', 'active', 511, 'regular', 5, 10, '서울 영등포구', 'KR', 1000000, 500000, 500000, '2026-05-28 15:00:00', NULL, 'https://www.wanted.co.kr/wd/300168'),
(300169, 20, '시니어 웹 프론트엔드 엔지니어', 'active', 518, 'regular', 8, 10, '서울 성동구', 'KR', 1000000, 500000, 500000, '2026-06-20 11:00:00', '2026-08-17', 'https://www.wanted.co.kr/wd/300169'),
(300170, 10, '그로스 마케터', 'active', 523, 'regular', 0, 3, '서울 용산구', 'KR', 700000, 350000, 350000, '2026-06-16 17:00:00', '2026-08-25', 'https://www.wanted.co.kr/wd/300170'),
(300171, 18, 'iOS 개발자', 'active', 518, 'regular', 5, 8, '판교', 'KR', 500000, 250000, 250000, '2026-06-25 11:00:00', '2026-08-31', 'https://www.wanted.co.kr/wd/300171'),
(300172, 15, '시니어 ML 리서치 엔지니어', 'active', 517, 'regular', 5, 10, '서울 합정동', 'KR', 1500000, 750000, 750000, '2026-07-01 10:00:00', '2026-08-08', 'https://www.wanted.co.kr/wd/300172'),
(300173, 3, '브랜드 마케터', 'active', 523, 'regular', 0, 3, '서울 영등포구', 'KR', 2000000, 1000000, 1000000, '2026-06-01 10:00:00', '2026-08-12', 'https://www.wanted.co.kr/wd/300173'),
(300174, 4, 'Android 엔지니어', 'active', 518, 'regular', 3, 8, '서울 송파구', 'KR', 1000000, 500000, 500000, '2026-06-22 15:00:00', NULL, 'https://www.wanted.co.kr/wd/300174'),
(300175, 7, '리드 데이터 엔지니어', 'active', 517, 'contract', 5, 10, '서울 성수동', 'KR', 500000, 250000, 250000, '2026-06-03 18:00:00', '2026-07-21', 'https://www.wanted.co.kr/wd/300175'),
(300176, 6, 'Android 엔지니어', 'active', 518, 'regular', 0, 7, '경기 성남시 분당구', 'KR', 700000, 350000, 350000, '2026-06-21 15:00:00', '2026-08-06', 'https://www.wanted.co.kr/wd/300176'),
(300177, 2, '리드 Java 백엔드 개발자', 'active', 518, 'regular', 5, 10, '서울 서초구', 'KR', 1500000, 750000, 750000, '2026-07-13 10:00:00', '2026-08-29', 'https://www.wanted.co.kr/wd/300177'),
(300178, 20, '주니어 인프라 엔지니어', 'active', 518, 'regular', 0, 2, '서울 성동구', 'KR', 1000000, 500000, 500000, '2026-06-26 18:00:00', '2026-08-29', 'https://www.wanted.co.kr/wd/300178'),
(300179, 3, '시니어 웹 프론트엔드 엔지니어', 'active', 518, 'regular', 8, 10, '서울 영등포구', 'KR', 2000000, 1000000, 1000000, '2026-07-05 07:00:00', '2026-08-26', 'https://www.wanted.co.kr/wd/300179'),
(300180, 5, '주니어 Android 엔지니어', 'active', 518, 'contract', 0, 2, '서울 잠실', 'KR', 500000, 250000, 250000, '2026-05-25 16:00:00', '2026-07-25', 'https://www.wanted.co.kr/wd/300180'),
(300181, 16, '리드 브랜드 디자이너', 'active', 511, 'regular', 8, 10, '인천 송도', 'KR', 700000, 350000, 350000, '2026-06-15 15:00:00', NULL, 'https://www.wanted.co.kr/wd/300181'),
(300182, 12, '프로덕트 오너', 'active', 507, 'regular', 5, 9, '판교', 'KR', 1000000, 500000, 500000, '2026-06-13 11:00:00', NULL, 'https://www.wanted.co.kr/wd/300182'),
(300183, 20, '시니어 그래픽 디자이너', 'active', 511, 'regular', 8, 10, '서울 성동구', 'KR', 500000, 250000, 250000, '2026-06-08 09:00:00', NULL, 'https://www.wanted.co.kr/wd/300183'),
(300184, 10, '시니어 웹 프론트엔드 엔지니어', 'active', 518, 'contract', 5, 10, '서울 용산구', 'KR', 500000, 250000, 250000, '2026-06-17 17:00:00', '2026-07-30', 'https://www.wanted.co.kr/wd/300184'),
(300185, 2, '주니어 백엔드 엔지니어', 'active', 518, 'regular', 0, 2, '서울 서초구', 'KR', 1000000, 500000, 500000, '2026-05-01 16:00:00', NULL, 'https://www.wanted.co.kr/wd/300185'),
(300186, 15, '브랜드 마케터', 'active', 523, 'regular', 3, 10, '서울 합정동', 'KR', 500000, 250000, 250000, '2026-06-20 11:00:00', '2026-08-03', 'https://www.wanted.co.kr/wd/300186'),
(300187, 8, '시니어 백엔드 엔지니어', 'active', 518, 'regular', 5, 10, '서울 마포구', 'KR', 1000000, 500000, 500000, '2026-05-31 08:00:00', NULL, 'https://www.wanted.co.kr/wd/300187'),
(300188, 3, '리드 백엔드 엔지니어', 'active', 518, 'regular', 8, 10, '서울 영등포구', 'KR', 2000000, 1000000, 1000000, '2026-05-09 14:00:00', '2026-06-09', 'https://www.wanted.co.kr/wd/300188'),
(300189, 12, '주니어 프로덕트 매니저', 'active', 507, 'regular', 0, 2, '판교', 'KR', 700000, 350000, 350000, '2026-05-29 15:00:00', NULL, 'https://www.wanted.co.kr/wd/300189'),
(300190, 10, '주니어 SRE', 'active', 518, 'regular', 0, 3, '서울 용산구', 'KR', 1500000, 750000, 750000, '2026-06-29 08:00:00', '2026-08-30', 'https://www.wanted.co.kr/wd/300190');
INSERT INTO job_tags (job_id, tag_id) VALUES
(300001, 2094),
(300001, 2521),
(300001, 2955),
(300001, 878),
(300002, 1024),
(300002, 2217),
(300002, 2842),
(300002, 2094),
(300003, 1698),
(300003, 2412),
(300003, 678),
(300004, 665),
(300004, 2225),
(300004, 2217),
(300004, 2276),
(300005, 2521),
(300005, 876),
(300005, 2094),
(300006, 2386),
(300006, 669),
(300006, 2551),
(300007, 2521),
(300007, 2634),
(300007, 2842),
(300007, 1030),
(300008, 665),
(300008, 2217),
(300008, 2225),
(300008, 1411),
(300009, 677),
(300009, 2119),
(300010, 2521),
(300010, 2955),
(300010, 876),
(300010, 2094),
(300011, 665),
(300011, 2217),
(300011, 1411),
(300012, 3776),
(300012, 2225),
(300012, 1634),
(300012, 2217),
(300013, 1032),
(300013, 2521),
(300013, 2634),
(300013, 2842),
(300014, 665),
(300014, 2217),
(300014, 2276),
(300014, 1411),
(300015, 1866),
(300015, 899),
(300015, 2903),
(300016, 677),
(300016, 2119),
(300017, 2521),
(300017, 2955),
(300017, 878),
(300018, 2386),
(300018, 669),
(300018, 3078),
(300018, 2551),
(300019, 1411),
(300019, 2276),
(300019, 2217),
(300019, 2225),
(300019, 665),
(300020, 2521),
(300020, 2842),
(300020, 2634),
(300020, 1030),
(300021, 665),
(300021, 2217),
(300021, 2276),
(300022, 1411),
(300022, 2276),
(300022, 2217),
(300022, 2225),
(300022, 665),
(300023, 665),
(300023, 2225),
(300023, 1411),
(300024, 2094),
(300024, 2955),
(300024, 878),
(300025, 665),
(300025, 2225),
(300025, 1411),
(300026, 872),
(300026, 2217),
(300026, 2276),
(300027, 1032),
(300027, 2521),
(300027, 2634),
(300027, 2842),
(300028, 1866),
(300028, 899),
(300028, 2903),
(300029, 1024),
(300029, 2842),
(300029, 2094),
(300030, 2094),
(300030, 2521),
(300030, 2955),
(300030, 878),
(300031, 2386),
(300031, 669),
(300031, 3078),
(300031, 2551),
(300032, 2386),
(300032, 669),
(300032, 3078),
(300032, 2551),
(300033, 665),
(300033, 2225),
(300033, 2276),
(300034, 1866),
(300034, 2903),
(300034, 895),
(300035, 2521),
(300035, 2955),
(300035, 876),
(300036, 677),
(300036, 2119),
(300037, 3776),
(300037, 2217),
(300037, 1634),
(300037, 2225),
(300038, 2521),
(300038, 2634),
(300038, 1030),
(300039, 2094),
(300039, 2521),
(300039, 878),
(300040, 2634),
(300040, 2842),
(300040, 1030),
(300041, 2842),
(300041, 2634),
(300041, 1030),
(300042, 665),
(300042, 2225),
(300042, 1411),
(300042, 2276),
(300043, 3776),
(300043, 2225),
(300043, 1634),
(300044, 872),
(300044, 2276),
(300044, 2551),
(300045, 677),
(300045, 2119),
(300046, 2955),
(300046, 876),
(300046, 2094),
(300047, 872),
(300047, 2217),
(300047, 1698),
(300047, 2225),
(300048, 1866),
(300048, 899),
(300048, 2903),
(300049, 1698),
(300049, 2412),
(300049, 678),
(300050, 1032),
(300050, 2521),
(300050, 2634),
(300051, 1032),
(300051, 2521),
(300051, 2634),
(300051, 2842),
(300052, 3776),
(300052, 2225),
(300052, 1634),
(300052, 2217),
(300053, 1032),
(300053, 2521),
(300053, 2842),
(300053, 2634),
(300054, 2094),
(300054, 2521),
(300054, 2955),
(300054, 878),
(300055, 1025),
(300055, 2217),
(300055, 2731),
(300055, 2225),
(300055, 2450),
(300056, 1032),
(300056, 2521),
(300056, 2634),
(300056, 2842),
(300057, 1698),
(300057, 2412),
(300057, 678),
(300058, 665),
(300058, 1411),
(300058, 2276),
(300059, 677),
(300059, 2119),
(300060, 1866),
(300060, 2903),
(300060, 895),
(300061, 1025),
(300061, 2225),
(300061, 2217),
(300062, 2386),
(300062, 669),
(300062, 3078),
(300062, 2551),
(300063, 1411),
(300063, 2276),
(300063, 2217),
(300063, 2225),
(300063, 665),
(300064, 1025),
(300064, 2217),
(300064, 2225),
(300064, 2094),
(300065, 1866),
(300065, 899),
(300065, 2903),
(300066, 2094),
(300066, 2955),
(300066, 878),
(300067, 677),
(300067, 2119),
(300068, 2386),
(300068, 669),
(300068, 2551),
(300069, 1025),
(300069, 2217),
(300069, 2094),
(300069, 2225),
(300069, 2450),
(300070, 1866),
(300070, 899),
(300070, 2903),
(300071, 872),
(300071, 1698),
(300071, 2276),
(300072, 872),
(300072, 2217),
(300072, 1698),
(300073, 2521),
(300073, 2955),
(300073, 876),
(300073, 2094),
(300074, 2634),
(300074, 2842),
(300074, 1030),
(300075, 1698),
(300075, 2412),
(300075, 678),
(300076, 2225),
(300076, 1634),
(300076, 2217),
(300077, 1024),
(300077, 2842),
(300077, 2094),
(300078, 1698),
(300078, 2412),
(300078, 678),
(300079, 2521),
(300079, 2955),
(300079, 878),
(300080, 1698),
(300080, 2412),
(300080, 678),
(300081, 1024),
(300081, 2217),
(300081, 2842),
(300081, 2094),
(300082, 677),
(300082, 2119),
(300083, 677),
(300083, 2119),
(300084, 2386),
(300084, 669),
(300084, 3078),
(300084, 2551),
(300085, 677),
(300085, 2119),
(300086, 665),
(300086, 1411),
(300086, 2276),
(300087, 1032),
(300087, 2634),
(300087, 2842),
(300088, 1025),
(300088, 2217),
(300088, 2094),
(300088, 2225),
(300088, 2450),
(300089, 2521),
(300089, 2955),
(300089, 876),
(300089, 2094),
(300090, 677),
(300090, 2119),
(300091, 1025),
(300091, 2217),
(300091, 2094),
(300091, 2225),
(300091, 2450),
(300092, 2521),
(300092, 2955),
(300092, 876),
(300092, 2094),
(300093, 665),
(300093, 2217),
(300093, 1411),
(300094, 665),
(300094, 2225),
(300094, 2276),
(300095, 1032),
(300095, 2634),
(300095, 2842),
(300096, 872),
(300096, 2217),
(300096, 1411),
(300097, 2521),
(300097, 2842),
(300097, 2634),
(300097, 1030),
(300098, 1032),
(300098, 2521),
(300098, 2634),
(300098, 2842),
(300099, 1024),
(300099, 2217),
(300099, 2842),
(300099, 2094),
(300100, 1866),
(300100, 2903),
(300100, 895),
(300101, 1025),
(300101, 2731),
(300101, 2094),
(300102, 2521),
(300102, 876),
(300102, 2094),
(300103, 1025),
(300103, 2450),
(300103, 2225),
(300104, 2386),
(300104, 669),
(300104, 3078),
(300104, 2551),
(300105, 1024),
(300105, 2217),
(300105, 2842),
(300105, 2094),
(300106, 677),
(300106, 2119),
(300107, 1866),
(300107, 899),
(300107, 2903),
(300108, 2521),
(300108, 2842),
(300108, 1030),
(300109, 665),
(300109, 2225),
(300109, 2276),
(300110, 1866),
(300110, 2903),
(300110, 895),
(300111, 665),
(300111, 2217),
(300111, 2225),
(300111, 1411),
(300112, 2094),
(300112, 2521),
(300112, 2955),
(300112, 878),
(300113, 1866),
(300113, 2903),
(300113, 895),
(300114, 2225),
(300114, 1025),
(300114, 2217),
(300114, 2731),
(300115, 1024),
(300115, 2842),
(300115, 2094),
(300116, 872),
(300116, 1698),
(300116, 2412),
(300116, 2551),
(300117, 1866),
(300117, 899),
(300117, 2903),
(300118, 1866),
(300118, 2903),
(300118, 895),
(300119, 2521),
(300119, 2955),
(300119, 878),
(300120, 1698),
(300120, 2412),
(300120, 678),
(300121, 1025),
(300121, 2731),
(300121, 2094),
(300121, 2225),
(300121, 2450),
(300122, 1032),
(300122, 2521),
(300122, 2842),
(300123, 665),
(300123, 2225),
(300123, 2217),
(300124, 872),
(300124, 2217),
(300124, 1698),
(300125, 1698),
(300125, 2412),
(300125, 678),
(300126, 2521),
(300126, 2955),
(300126, 876),
(300126, 2094),
(300127, 665),
(300127, 2217),
(300127, 2225),
(300127, 2276),
(300128, 1032),
(300128, 2521),
(300128, 2842),
(300128, 2634),
(300129, 665),
(300129, 2225),
(300129, 2276),
(300130, 665),
(300130, 2225),
(300130, 2276),
(300130, 1411),
(300131, 677),
(300131, 2119),
(300132, 1698),
(300132, 2412),
(300132, 678),
(300133, 1411),
(300133, 2276),
(300133, 2217),
(300133, 2225),
(300133, 665),
(300134, 2386),
(300134, 669),
(300134, 3078),
(300134, 2551),
(300135, 665),
(300135, 2225),
(300135, 2217),
(300135, 2276),
(300136, 1866),
(300136, 899),
(300136, 2903),
(300137, 2521),
(300137, 2634),
(300137, 2842),
(300137, 1030),
(300138, 1025),
(300138, 2450),
(300138, 2731),
(300138, 2094),
(300139, 677),
(300139, 2119),
(300140, 872),
(300140, 2217),
(300140, 1698),
(300140, 2094),
(300141, 1698),
(300141, 2412),
(300141, 678),
(300142, 1411),
(300142, 2276),
(300142, 2217),
(300142, 2225),
(300142, 665),
(300143, 2225),
(300143, 1634),
(300143, 2217),
(300144, 3776),
(300144, 2217),
(300144, 1634),
(300144, 2225),
(300145, 677),
(300145, 2119),
(300146, 2521),
(300146, 2955),
(300146, 876),
(300146, 2094),
(300147, 2094),
(300147, 2521),
(300147, 2955),
(300147, 878),
(300148, 665),
(300148, 2225),
(300148, 2217),
(300148, 2276),
(300149, 2225),
(300149, 1634),
(300149, 2217),
(300150, 2386),
(300150, 669),
(300150, 2551),
(300151, 1025),
(300151, 2217),
(300151, 2731),
(300151, 2094),
(300151, 2450),
(300152, 677),
(300152, 2119),
(300153, 2521),
(300153, 2955),
(300153, 876),
(300153, 2094),
(300154, 665),
(300154, 2217),
(300154, 2225),
(300154, 1411),
(300155, 2521),
(300155, 876),
(300155, 2094),
(300156, 2521),
(300156, 2634),
(300156, 2842),
(300156, 1030),
(300157, 1698),
(300157, 2412),
(300157, 678),
(300158, 2094),
(300158, 2955),
(300158, 878),
(300159, 2386),
(300159, 669),
(300159, 3078),
(300159, 2551),
(300160, 1866),
(300160, 2903),
(300160, 895),
(300161, 1866),
(300161, 899),
(300161, 2903),
(300162, 1698),
(300162, 2412),
(300162, 678),
(300163, 2094),
(300163, 2521),
(300163, 2955),
(300163, 878),
(300164, 2386),
(300164, 669),
(300164, 3078),
(300164, 2551),
(300165, 2094),
(300165, 2521),
(300165, 2955),
(300165, 878),
(300166, 1698),
(300166, 2412),
(300166, 678),
(300167, 2521),
(300167, 2955),
(300167, 878),
(300168, 1866),
(300168, 2903),
(300168, 895),
(300169, 2386),
(300169, 669),
(300169, 3078),
(300169, 2551),
(300170, 2521),
(300170, 2634),
(300170, 2842),
(300170, 1030),
(300171, 677),
(300171, 2119),
(300172, 3776),
(300172, 2225),
(300172, 1634),
(300173, 1032),
(300173, 2521),
(300173, 2842),
(300174, 1698),
(300174, 2412),
(300174, 678),
(300175, 1025),
(300175, 2450),
(300175, 2225),
(300175, 2094),
(300176, 1698),
(300176, 2412),
(300176, 678),
(300177, 872),
(300177, 1698),
(300177, 2276),
(300177, 2551),
(300178, 1411),
(300178, 2276),
(300178, 2217),
(300178, 2225),
(300178, 665),
(300179, 2386),
(300179, 669),
(300179, 3078),
(300179, 2551),
(300180, 1698),
(300180, 2412),
(300180, 678),
(300181, 1866),
(300181, 899),
(300181, 2903),
(300182, 2521),
(300182, 876),
(300182, 2094),
(300183, 1866),
(300183, 899),
(300183, 2903),
(300184, 2386),
(300184, 669),
(300184, 3078),
(300184, 2551),
(300185, 1698),
(300185, 1411),
(300185, 872),
(300185, 2412),
(300185, 2094),
(300186, 1032),
(300186, 2521),
(300186, 2634),
(300187, 872),
(300187, 1698),
(300187, 2094),
(300187, 2551),
(300188, 872),
(300188, 2217),
(300188, 2551),
(300189, 2521),
(300189, 2955),
(300189, 876),
(300189, 2094),
(300190, 665),
(300190, 2217),
(300190, 1411),
(300190, 2276);
COMMIT;
