-- scopy v2 시드 데이터 (generate_seed.py로 생성 — 직접 수정하지 말 것)
PRAGMA foreign_keys = ON;
BEGIN TRANSACTION;
INSERT INTO tags (id, tag_type, parent_id, title) VALUES
(518, 'category', NULL, '개발'),
(517, 'category', NULL, '데이터'),
(511, 'category', NULL, '디자인'),
(507, 'category', NULL, '기획·PM'),
(523, 'category', NULL, '마케팅'),
(872, 'subcategory', 518, '서버 개발자'),
(669, 'subcategory', 518, '프론트엔드 개발자'),
(677, 'subcategory', 518, 'iOS 개발자'),
(678, 'subcategory', 518, '안드로이드 개발자'),
(665, 'subcategory', 518, 'DevOps 엔지니어'),
(1634, 'subcategory', 517, '머신러닝 엔지니어'),
(1025, 'subcategory', 517, '데이터 엔지니어'),
(1024, 'subcategory', 517, '데이터 분석가'),
(895, 'subcategory', 511, '프로덕트 디자이너'),
(899, 'subcategory', 511, '브랜드 디자이너'),
(876, 'subcategory', 507, '프로덕트 매니저'),
(878, 'subcategory', 507, '서비스 기획자'),
(1030, 'subcategory', 523, '퍼포먼스 마케터'),
(1032, 'subcategory', 523, '콘텐츠 마케터'),
(2217, 'skill', NULL, 'Python'),
(3078, 'skill', NULL, 'TypeScript'),
(2386, 'skill', NULL, 'React'),
(1698, 'skill', NULL, 'Kotlin'),
(2119, 'skill', NULL, 'Swift'),
(2225, 'skill', NULL, 'AWS'),
(1411, 'skill', NULL, 'Kubernetes'),
(2276, 'skill', NULL, 'Go'),
(2412, 'skill', NULL, 'Java'),
(2551, 'skill', NULL, 'Node.js'),
(3776, 'skill', NULL, 'PyTorch'),
(2450, 'skill', NULL, 'Spark'),
(2094, 'skill', NULL, 'SQL'),
(2731, 'skill', NULL, 'Airflow'),
(2842, 'skill', NULL, 'Tableau'),
(1866, 'skill', NULL, 'Figma'),
(2903, 'skill', NULL, 'Framer'),
(2521, 'skill', NULL, 'GA4'),
(2634, 'skill', NULL, 'SEO'),
(2955, 'skill', NULL, 'Notion'),
(10, 'attraction', NULL, '유연근무'),
(22, 'attraction', NULL, '스톡옵션'),
(31, 'attraction', NULL, '자기계발비'),
(45, 'attraction', NULL, '재택근무'),
(58, 'attraction', NULL, '식대지원');
INSERT INTO companies (id, name, industry_name, address, founded_date, age, employee_count, average_salary, hired_salary, sales_amount, sales_per_person, hire_rate, left_rate, link) VALUES
(1, '코드나인', '소프트웨어 개발업', '서울 강남구', '2018-08-01', 8, 1487, 9500, 8611, 362828, 244, 24, 7, 'https://www.wanted.co.kr/company/1'),
(2, '데이터포지', '정보서비스업', '서울 서초구', '2022-08-01', 4, 264, 7400, 6722, 48048, 182, 20, 12, 'https://www.wanted.co.kr/company/2'),
(3, '핀틀리', '핀테크·금융서비스업', '서울 영등포구', '2021-07-01', 5, 162, 7000, 6559, 42768, 264, 30, 15, 'https://www.wanted.co.kr/company/3'),
(4, '메딕솔루션', '헬스케어 플랫폼업', '서울 송파구', '2017-05-01', 9, 328, 6000, 5330, 75112, 229, 26, 12, 'https://www.wanted.co.kr/company/4'),
(5, '커머스랩', '전자상거래업', '서울 잠실', '2018-11-01', 8, 1220, 6800, 6365, 161040, 132, 27, 20, 'https://www.wanted.co.kr/company/5'),
(6, '클라우드베이스', '클라우드 인프라업', '경기 성남시 분당구', '2008-12-01', 18, 305, 7000, 6203, 115290, 378, 19, 11, 'https://www.wanted.co.kr/company/6'),
(7, '무빙테크', '모빌리티 플랫폼업', '서울 성수동', '2018-03-01', 8, 208, 5400, 4786, 68016, 327, 28, 14, 'https://www.wanted.co.kr/company/7'),
(8, '에듀플로우', '에듀테크업', '서울 마포구', '2009-01-01', 17, 52, 4300, 3626, 7852, 151, 29, 12, 'https://www.wanted.co.kr/company/8'),
(9, '그린에너지랩', '에너지 IT업', '대전 유성구', '2010-10-01', 16, 28, 5900, 5135, 5908, 211, 15, 6, 'https://www.wanted.co.kr/company/9'),
(10, '푸디언', '푸드테크업', '서울 용산구', '2015-07-01', 11, 20, 4500, 3776, 5760, 288, 31, 24, 'https://www.wanted.co.kr/company/10'),
(11, '트래블노트', '여행 플랫폼업', '제주 제주시', '2019-09-01', 7, 42, 5200, 4302, 5082, 121, 28, 18, 'https://www.wanted.co.kr/company/11'),
(12, '시큐어원', '정보보안업', '판교', '2014-03-01', 12, 332, 8100, 7338, 50464, 152, 18, 6, 'https://www.wanted.co.kr/company/12'),
(13, '애드모먼트', '광고 플랫폼업', '서울 강남구', '2012-12-01', 14, 27, 6100, 5420, 10449, 387, 45, 27, 'https://www.wanted.co.kr/company/13'),
(14, '로보틱스원', '로봇·자동화업', '경기 수원시', '2022-06-01', 4, 104, 6100, 5241, 19656, 189, 17, 11, 'https://www.wanted.co.kr/company/14'),
(15, '콘텐츠빌', '콘텐츠 플랫폼업', '서울 합정동', '2008-12-01', 18, 29, 4900, 4209, 5481, 189, 26, 14, 'https://www.wanted.co.kr/company/15'),
(16, '바이오데이터', '바이오 인포매틱스업', '인천 송도', '2021-04-01', 5, 28, 7000, 6472, 7168, 256, 21, 10, 'https://www.wanted.co.kr/company/16'),
(17, '리테일마인드', '리테일 테크업', '서울 중구', '2016-04-01', 10, 94, 5500, 5169, 23312, 248, 24, 18, 'https://www.wanted.co.kr/company/17'),
(18, '게임스튜디오한', '게임 개발업', '판교', '2012-11-01', 14, 272, 6700, 6356, 43792, 161, 41, 29, 'https://www.wanted.co.kr/company/18'),
(19, '스페이스로직', '부동산 플랫폼업', '서울 역삼동', '2021-12-01', 5, 44, 5600, 5057, 18304, 416, 20, 17, 'https://www.wanted.co.kr/company/19'),
(20, '펫프렌즈랩', '반려동물 서비스업', '서울 성동구', '2012-10-01', 14, 43, 4200, 3460, 7095, 165, 30, 12, 'https://www.wanted.co.kr/company/20');
INSERT INTO jobs (id, company_id, name, status, category_tag_id, employment_type, annual_from, annual_to, location, country, reward_total, reward_recommender, reward_recommendee, created_at, due_time, url) VALUES
(300001, 4, '주니어 iOS 앱 엔지니어', 'active', 518, 'regular', 0, 3, '서울 송파구', 'KR', 500000, 250000, 250000, '2026-06-23 12:00:00', '2026-07-27', 'https://www.wanted.co.kr/wd/300001'),
(300002, 18, '시니어 콘텐츠 마케터', 'active', 523, 'contract', 7, 10, '판교', 'KR', 700000, 350000, 350000, '2026-06-13 12:00:00', '2026-08-08', 'https://www.wanted.co.kr/wd/300002'),
(300003, 20, '웹 프론트엔드 엔지니어', 'active', 518, 'regular', 0, 7, '서울 성동구', 'KR', 500000, 250000, 250000, '2026-06-03 10:00:00', '2026-07-25', 'https://www.wanted.co.kr/wd/300003'),
(300004, 7, '시니어 SRE', 'active', 518, 'regular', 5, 10, '서울 성수동', 'KR', 500000, 250000, 250000, '2026-06-18 08:00:00', '2026-08-15', 'https://www.wanted.co.kr/wd/300004'),
(300005, 9, '브랜드 디자이너', 'active', 511, 'regular', 0, 4, '대전 유성구', 'KR', 1000000, 500000, 500000, '2026-06-28 07:00:00', '2026-08-18', 'https://www.wanted.co.kr/wd/300005'),
(300006, 15, '전략 기획 매니저', 'active', 507, 'regular', 3, 6, '서울 합정동', 'KR', 1000000, 500000, 500000, '2026-06-25 09:00:00', NULL, 'https://www.wanted.co.kr/wd/300006'),
(300007, 17, '프로덕트 애널리스트', 'active', 517, 'regular', 3, 10, '서울 중구', 'KR', 1000000, 500000, 500000, '2026-07-08 06:00:00', '2026-09-12', 'https://www.wanted.co.kr/wd/300007'),
(300008, 12, '시니어 그래픽 디자이너', 'active', 511, 'regular', 7, 10, '판교', 'KR', 2000000, 1000000, 1000000, '2026-06-16 15:00:00', '2026-08-21', 'https://www.wanted.co.kr/wd/300008'),
(300009, 5, '프로덕트 매니저', 'active', 507, 'regular', 0, 3, '서울 잠실', 'KR', 1000000, 500000, 500000, '2026-06-11 07:00:00', '2026-08-13', 'https://www.wanted.co.kr/wd/300009'),
(300010, 20, '시니어 그로스 마케터', 'active', 523, 'regular', 5, 10, '서울 성동구', 'KR', 500000, 250000, 250000, '2026-05-27 08:00:00', '2026-07-17', 'https://www.wanted.co.kr/wd/300010'),
(300011, 18, 'ML 리서치 엔지니어', 'active', 517, 'regular', 2, 5, '판교', 'KR', 1500000, 750000, 750000, '2026-07-04 10:00:00', '2026-08-28', 'https://www.wanted.co.kr/wd/300011'),
(300012, 16, 'iOS 개발자', 'active', 518, 'contract', 2, 6, '인천 송도', 'KR', 1000000, 500000, 500000, '2026-05-19 16:00:00', '2026-07-11', 'https://www.wanted.co.kr/wd/300012'),
(300013, 8, '리드 프로덕트 매니저', 'active', 507, 'regular', 7, 10, '서울 마포구', 'KR', 700000, 350000, 350000, '2026-06-18 17:00:00', NULL, 'https://www.wanted.co.kr/wd/300013'),
(300014, 15, '주니어 프로덕트 오너', 'active', 507, 'regular', 0, 3, '서울 합정동', 'KR', 1000000, 500000, 500000, '2026-06-30 14:00:00', '2026-09-09', 'https://www.wanted.co.kr/wd/300014'),
(300015, 7, '시니어 iOS 앱 엔지니어', 'active', 518, 'regular', 5, 10, '서울 성수동', 'KR', 1500000, 750000, 750000, '2026-06-14 14:00:00', '2026-08-22', 'https://www.wanted.co.kr/wd/300015'),
(300016, 17, '플랫폼 서버 엔지니어', 'active', 518, 'regular', 5, 10, '서울 중구', 'KR', 1500000, 750000, 750000, '2026-06-23 17:00:00', '2026-09-05', 'https://www.wanted.co.kr/wd/300016'),
(300017, 12, '프로덕트 디자이너', 'active', 511, 'regular', 0, 4, '판교', 'KR', 1000000, 500000, 500000, '2026-06-26 09:00:00', NULL, 'https://www.wanted.co.kr/wd/300017'),
(300018, 4, 'SRE', 'active', 518, 'regular', 0, 7, '서울 송파구', 'KR', 2000000, 1000000, 1000000, '2026-06-18 11:00:00', '2026-08-03', 'https://www.wanted.co.kr/wd/300018'),
(300019, 13, '리드 React 개발자', 'active', 518, 'regular', 7, 10, '서울 강남구', 'KR', 2000000, 1000000, 1000000, '2026-06-14 11:00:00', '2026-08-18', 'https://www.wanted.co.kr/wd/300019'),
(300020, 12, 'iOS 앱 엔지니어', 'active', 518, 'regular', 3, 10, '판교', 'KR', 1000000, 500000, 500000, '2026-06-22 10:00:00', '2026-08-24', 'https://www.wanted.co.kr/wd/300020'),
(300021, 16, 'React 개발자', 'active', 518, 'regular', 5, 10, '인천 송도', 'KR', 700000, 350000, 350000, '2026-07-07 15:00:00', NULL, 'https://www.wanted.co.kr/wd/300021'),
(300022, 17, '백엔드 엔지니어', 'active', 518, 'regular', 3, 6, '서울 중구', 'KR', 700000, 350000, 350000, '2026-06-04 16:00:00', '2026-08-02', 'https://www.wanted.co.kr/wd/300022'),
(300023, 16, '전략 기획 매니저', 'active', 507, 'regular', 1, 6, '인천 송도', 'KR', 500000, 250000, 250000, '2026-06-28 06:00:00', '2026-08-12', 'https://www.wanted.co.kr/wd/300023'),
(300024, 3, 'iOS 앱 엔지니어', 'active', 518, 'regular', 5, 10, '서울 영등포구', 'KR', 1000000, 500000, 500000, '2026-05-26 13:00:00', '2026-07-21', 'https://www.wanted.co.kr/wd/300024'),
(300025, 14, '주니어 Java 백엔드 개발자', 'active', 518, 'regular', 0, 2, '경기 수원시', 'KR', 700000, 350000, 350000, '2026-05-26 13:00:00', '2026-07-03', 'https://www.wanted.co.kr/wd/300025'),
(300026, 3, '시니어 안드로이드 개발자', 'close', 518, 'contract', 8, 10, '서울 영등포구', 'KR', 1000000, 500000, 500000, '2026-05-09 13:00:00', '2026-07-03', 'https://www.wanted.co.kr/wd/300026'),
(300027, 1, 'Android 엔지니어', 'active', 518, 'regular', 1, 4, '서울 강남구', 'KR', 2000000, 1000000, 1000000, '2026-06-19 18:00:00', NULL, 'https://www.wanted.co.kr/wd/300027'),
(300028, 10, '리드 전략 기획 매니저', 'active', 507, 'regular', 5, 10, '서울 용산구', 'KR', 700000, 350000, 350000, '2026-07-02 18:00:00', '2026-08-26', 'https://www.wanted.co.kr/wd/300028'),
(300029, 10, '리드 프론트엔드 개발자', 'close', 518, 'regular', 7, 10, '서울 용산구', 'KR', 700000, 350000, 350000, '2026-05-12 12:00:00', '2026-07-10', 'https://www.wanted.co.kr/wd/300029'),
(300030, 4, '안드로이드 개발자', 'active', 518, 'regular', 0, 7, '서울 송파구', 'KR', 700000, 350000, 350000, '2026-07-02 10:00:00', '2026-08-10', 'https://www.wanted.co.kr/wd/300030'),
(300031, 10, '데이터 엔지니어', 'active', 517, 'regular', 0, 5, '서울 용산구', 'KR', 2000000, 1000000, 1000000, '2026-06-25 17:00:00', '2026-08-22', 'https://www.wanted.co.kr/wd/300031'),
(300032, 16, '프론트엔드 개발자', 'active', 518, 'regular', 0, 7, '인천 송도', 'KR', 1500000, 750000, 750000, '2026-05-19 14:00:00', NULL, 'https://www.wanted.co.kr/wd/300032'),
(300033, 13, '시니어 Android 엔지니어', 'active', 518, 'regular', 8, 10, '서울 강남구', 'KR', 700000, 350000, 350000, '2026-06-13 09:00:00', '2026-08-06', 'https://www.wanted.co.kr/wd/300033'),
(300034, 19, '데이터 분석가', 'active', 517, 'regular', 0, 5, '서울 역삼동', 'KR', 700000, 350000, 350000, '2026-06-22 14:00:00', NULL, 'https://www.wanted.co.kr/wd/300034'),
(300035, 15, '리드 브랜드 마케터', 'active', 523, 'regular', 8, 10, '서울 합정동', 'KR', 1500000, 750000, 750000, '2026-06-21 07:00:00', '2026-08-11', 'https://www.wanted.co.kr/wd/300035'),
(300036, 5, '플랫폼 서버 엔지니어', 'active', 518, 'regular', 5, 9, '서울 잠실', 'KR', 500000, 250000, 250000, '2026-06-14 16:00:00', '2026-08-01', 'https://www.wanted.co.kr/wd/300036'),
(300037, 8, '주니어 브랜드 디자이너', 'active', 511, 'regular', 0, 2, '서울 마포구', 'KR', 2000000, 1000000, 1000000, '2026-07-10 06:00:00', '2026-09-10', 'https://www.wanted.co.kr/wd/300037'),
(300038, 15, '시니어 브랜드 마케터', 'active', 523, 'regular', 7, 10, '서울 합정동', 'KR', 2000000, 1000000, 1000000, '2026-05-10 10:00:00', '2026-07-18', 'https://www.wanted.co.kr/wd/300038'),
(300039, 5, 'iOS 앱 엔지니어', 'active', 518, 'regular', 0, 3, '서울 잠실', 'KR', 1000000, 500000, 500000, '2026-05-26 07:00:00', '2026-07-06', 'https://www.wanted.co.kr/wd/300039'),
(300040, 3, '브랜드 디자이너', 'active', 511, 'regular', 3, 7, '서울 영등포구', 'KR', 500000, 250000, 250000, '2026-06-02 17:00:00', NULL, 'https://www.wanted.co.kr/wd/300040'),
(300041, 6, '주니어 프로덕트 오너', 'active', 507, 'regular', 0, 3, '경기 성남시 분당구', 'KR', 500000, 250000, 250000, '2026-05-22 09:00:00', '2026-08-05', 'https://www.wanted.co.kr/wd/300041'),
(300042, 5, '리드 웹 프론트엔드 엔지니어', 'active', 518, 'regular', 7, 10, '서울 잠실', 'KR', 1500000, 750000, 750000, '2026-06-05 16:00:00', '2026-07-05', 'https://www.wanted.co.kr/wd/300042'),
(300043, 8, '서비스 기획자', 'active', 507, 'regular', 3, 8, '서울 마포구', 'KR', 1000000, 500000, 500000, '2026-05-31 15:00:00', NULL, 'https://www.wanted.co.kr/wd/300043'),
(300044, 18, '안드로이드 개발자', 'active', 518, 'intern', 0, 1, '판교', 'KR', 700000, 350000, 350000, '2026-05-29 12:00:00', '2026-07-05', 'https://www.wanted.co.kr/wd/300044'),
(300045, 13, '시니어 UX/UI 디자이너', 'active', 511, 'regular', 8, 10, '서울 강남구', 'KR', 2000000, 1000000, 1000000, '2026-05-04 10:00:00', NULL, 'https://www.wanted.co.kr/wd/300045'),
(300046, 1, '프로덕트 애널리스트', 'active', 517, 'regular', 5, 10, '서울 강남구', 'KR', 1000000, 500000, 500000, '2026-06-04 14:00:00', '2026-08-07', 'https://www.wanted.co.kr/wd/300046'),
(300047, 18, '그로스 마케터', 'active', 523, 'regular', 0, 4, '판교', 'KR', 500000, 250000, 250000, '2026-06-09 07:00:00', '2026-07-27', 'https://www.wanted.co.kr/wd/300047'),
(300048, 15, 'ML 리서치 엔지니어', 'active', 517, 'regular', 3, 6, '서울 합정동', 'KR', 2000000, 1000000, 1000000, '2026-06-19 18:00:00', NULL, 'https://www.wanted.co.kr/wd/300048'),
(300049, 14, 'ML 리서치 엔지니어', 'active', 517, 'regular', 2, 9, '경기 수원시', 'KR', 700000, 350000, 350000, '2026-05-24 17:00:00', '2026-07-24', 'https://www.wanted.co.kr/wd/300049'),
(300050, 5, 'iOS 개발자', 'active', 518, 'regular', 0, 4, '서울 잠실', 'KR', 500000, 250000, 250000, '2026-06-07 12:00:00', '2026-07-20', 'https://www.wanted.co.kr/wd/300050'),
(300051, 13, '주니어 프로덕트 매니저', 'active', 507, 'intern', 0, 1, '서울 강남구', 'KR', 700000, 350000, 350000, '2026-05-20 17:00:00', '2026-07-31', 'https://www.wanted.co.kr/wd/300051'),
(300052, 19, 'AI 엔지니어', 'active', 517, 'regular', 1, 4, '서울 역삼동', 'KR', 1000000, 500000, 500000, '2026-05-30 06:00:00', NULL, 'https://www.wanted.co.kr/wd/300052'),
(300053, 12, 'Android 엔지니어', 'active', 518, 'regular', 1, 4, '판교', 'KR', 700000, 350000, 350000, '2026-06-08 09:00:00', '2026-07-17', 'https://www.wanted.co.kr/wd/300053'),
(300054, 4, '리드 브랜드 마케터', 'active', 523, 'regular', 8, 10, '서울 송파구', 'KR', 500000, 250000, 250000, '2026-07-05 08:00:00', '2026-08-06', 'https://www.wanted.co.kr/wd/300054'),
(300055, 17, '시니어 콘텐츠 마케터', 'active', 523, 'contract', 8, 10, '서울 중구', 'KR', 1000000, 500000, 500000, '2026-05-28 16:00:00', '2026-06-28', 'https://www.wanted.co.kr/wd/300055'),
(300056, 9, '시니어 머신러닝 엔지니어', 'active', 517, 'regular', 8, 10, '대전 유성구', 'KR', 500000, 250000, 250000, '2026-06-23 07:00:00', NULL, 'https://www.wanted.co.kr/wd/300056'),
(300057, 8, '시니어 콘텐츠 마케터', 'active', 523, 'regular', 7, 10, '서울 마포구', 'KR', 1500000, 750000, 750000, '2026-05-22 14:00:00', '2026-08-05', 'https://www.wanted.co.kr/wd/300057'),
(300058, 6, '시니어 전략 기획 매니저', 'active', 507, 'regular', 8, 10, '경기 성남시 분당구', 'KR', 500000, 250000, 250000, '2026-06-24 14:00:00', NULL, 'https://www.wanted.co.kr/wd/300058'),
(300059, 13, '데이터 엔지니어', 'active', 517, 'contract', 5, 8, '서울 강남구', 'KR', 2000000, 1000000, 1000000, '2026-07-06 13:00:00', '2026-08-08', 'https://www.wanted.co.kr/wd/300059'),
(300060, 3, '리드 콘텐츠 마케터', 'active', 523, 'regular', 8, 10, '서울 영등포구', 'KR', 2000000, 1000000, 1000000, '2026-05-19 10:00:00', '2026-07-08', 'https://www.wanted.co.kr/wd/300060'),
(300061, 11, '리드 Android 엔지니어', 'active', 518, 'regular', 7, 10, '제주 제주시', 'KR', 500000, 250000, 250000, '2026-05-08 16:00:00', '2026-07-03', 'https://www.wanted.co.kr/wd/300061'),
(300062, 5, 'DevOps 엔지니어', 'active', 518, 'regular', 3, 8, '서울 잠실', 'KR', 500000, 250000, 250000, '2026-06-28 09:00:00', NULL, 'https://www.wanted.co.kr/wd/300062'),
(300063, 20, '시니어 iOS 개발자', 'active', 518, 'intern', 0, 1, '서울 성동구', 'KR', 2000000, 1000000, 1000000, '2026-06-29 06:00:00', NULL, 'https://www.wanted.co.kr/wd/300063'),
(300064, 5, '리드 프로덕트 디자이너', 'active', 511, 'regular', 8, 10, '서울 잠실', 'KR', 1500000, 750000, 750000, '2026-06-04 15:00:00', '2026-08-14', 'https://www.wanted.co.kr/wd/300064'),
(300065, 2, '데이터 엔지니어', 'active', 517, 'regular', 3, 7, '서울 서초구', 'KR', 1000000, 500000, 500000, '2026-06-30 15:00:00', '2026-08-15', 'https://www.wanted.co.kr/wd/300065'),
(300066, 20, '주니어 React 개발자', 'active', 518, 'regular', 0, 2, '서울 성동구', 'KR', 1000000, 500000, 500000, '2026-06-11 11:00:00', '2026-08-10', 'https://www.wanted.co.kr/wd/300066'),
(300067, 4, 'SRE', 'close', 518, 'regular', 0, 5, '서울 송파구', 'KR', 1000000, 500000, 500000, '2026-04-28 16:00:00', '2026-07-11', 'https://www.wanted.co.kr/wd/300067'),
(300068, 2, '주니어 데이터 플랫폼 엔지니어', 'active', 517, 'regular', 0, 3, '서울 서초구', 'KR', 1000000, 500000, 500000, '2026-06-23 15:00:00', '2026-08-11', 'https://www.wanted.co.kr/wd/300068'),
(300069, 6, '주니어 그래픽 디자이너', 'active', 511, 'regular', 0, 3, '경기 성남시 분당구', 'KR', 2000000, 1000000, 1000000, '2026-06-06 11:00:00', NULL, 'https://www.wanted.co.kr/wd/300069'),
(300070, 10, '리드 서비스 기획자', 'active', 507, 'regular', 5, 10, '서울 용산구', 'KR', 1500000, 750000, 750000, '2026-05-27 15:00:00', NULL, 'https://www.wanted.co.kr/wd/300070'),
(300071, 8, '주니어 iOS 개발자', 'active', 518, 'regular', 0, 3, '서울 마포구', 'KR', 2000000, 1000000, 1000000, '2026-06-01 15:00:00', '2026-07-04', 'https://www.wanted.co.kr/wd/300071'),
(300072, 5, 'React 개발자', 'active', 518, 'regular', 3, 6, '서울 잠실', 'KR', 1000000, 500000, 500000, '2026-06-10 12:00:00', '2026-08-03', 'https://www.wanted.co.kr/wd/300072'),
(300073, 17, '데이터 플랫폼 엔지니어', 'active', 517, 'contract', 2, 9, '서울 중구', 'KR', 2000000, 1000000, 1000000, '2026-06-27 06:00:00', '2026-08-18', 'https://www.wanted.co.kr/wd/300073'),
(300074, 1, '브랜드 디자이너', 'active', 511, 'regular', 0, 3, '서울 강남구', 'KR', 1000000, 500000, 500000, '2026-06-14 10:00:00', '2026-08-01', 'https://www.wanted.co.kr/wd/300074'),
(300075, 14, '주니어 Java 백엔드 개발자', 'active', 518, 'regular', 0, 2, '경기 수원시', 'KR', 1000000, 500000, 500000, '2026-06-22 06:00:00', NULL, 'https://www.wanted.co.kr/wd/300075'),
(300076, 9, '시니어 백엔드 엔지니어', 'active', 518, 'regular', 8, 10, '대전 유성구', 'KR', 1500000, 750000, 750000, '2026-06-21 14:00:00', '2026-07-29', 'https://www.wanted.co.kr/wd/300076'),
(300077, 11, '프로덕트 매니저', 'active', 507, 'regular', 1, 6, '제주 제주시', 'KR', 1000000, 500000, 500000, '2026-06-22 09:00:00', '2026-08-24', 'https://www.wanted.co.kr/wd/300077'),
(300078, 19, '퍼포먼스 마케터', 'active', 523, 'regular', 0, 3, '서울 역삼동', 'KR', 500000, 250000, 250000, '2026-07-01 08:00:00', '2026-09-14', 'https://www.wanted.co.kr/wd/300078'),
(300079, 18, '시니어 안드로이드 개발자', 'active', 518, 'regular', 7, 10, '판교', 'KR', 700000, 350000, 350000, '2026-06-10 09:00:00', '2026-07-20', 'https://www.wanted.co.kr/wd/300079'),
(300080, 11, '시니어 ML 리서치 엔지니어', 'active', 517, 'intern', 0, 1, '제주 제주시', 'KR', 1000000, 500000, 500000, '2026-07-06 06:00:00', NULL, 'https://www.wanted.co.kr/wd/300080'),
(300081, 3, '시니어 데이터 분석가', 'active', 517, 'regular', 8, 10, '서울 영등포구', 'KR', 1000000, 500000, 500000, '2026-06-27 17:00:00', '2026-08-15', 'https://www.wanted.co.kr/wd/300081'),
(300082, 2, '주니어 Android 엔지니어', 'active', 518, 'regular', 0, 3, '서울 서초구', 'KR', 700000, 350000, 350000, '2026-05-10 08:00:00', NULL, 'https://www.wanted.co.kr/wd/300082'),
(300083, 4, '서비스 기획자', 'active', 507, 'regular', 5, 9, '서울 송파구', 'KR', 2000000, 1000000, 1000000, '2026-04-30 16:00:00', '2026-07-01', 'https://www.wanted.co.kr/wd/300083'),
(300084, 4, '리드 Android 엔지니어', 'active', 518, 'regular', 5, 10, '서울 송파구', 'KR', 700000, 350000, 350000, '2026-06-02 16:00:00', '2026-07-20', 'https://www.wanted.co.kr/wd/300084'),
(300085, 8, '프로덕트 애널리스트', 'active', 517, 'regular', 1, 8, '서울 마포구', 'KR', 500000, 250000, 250000, '2026-05-12 17:00:00', '2026-07-18', 'https://www.wanted.co.kr/wd/300085'),
(300086, 11, '리드 iOS 개발자', 'active', 518, 'regular', 5, 10, '제주 제주시', 'KR', 1000000, 500000, 500000, '2026-05-21 15:00:00', '2026-07-21', 'https://www.wanted.co.kr/wd/300086'),
(300087, 6, 'iOS 앱 엔지니어', 'active', 518, 'regular', 3, 10, '경기 성남시 분당구', 'KR', 1000000, 500000, 500000, '2026-06-18 16:00:00', '2026-08-28', 'https://www.wanted.co.kr/wd/300087'),
(300088, 15, '프론트엔드 개발자', 'close', 518, 'intern', 0, 1, '서울 합정동', 'KR', 700000, 350000, 350000, '2026-05-07 06:00:00', '2026-07-05', 'https://www.wanted.co.kr/wd/300088'),
(300089, 2, 'iOS 개발자', 'active', 518, 'regular', 5, 8, '서울 서초구', 'KR', 1500000, 750000, 750000, '2026-05-24 07:00:00', '2026-07-27', 'https://www.wanted.co.kr/wd/300089'),
(300090, 15, '시니어 SRE', 'active', 518, 'regular', 5, 10, '서울 합정동', 'KR', 1500000, 750000, 750000, '2026-06-27 11:00:00', NULL, 'https://www.wanted.co.kr/wd/300090'),
(300091, 20, '콘텐츠 마케터', 'active', 523, 'regular', 0, 7, '서울 성동구', 'KR', 1000000, 500000, 500000, '2026-06-11 07:00:00', '2026-07-25', 'https://www.wanted.co.kr/wd/300091'),
(300092, 2, '시니어 데이터 플랫폼 엔지니어', 'active', 517, 'regular', 5, 10, '서울 서초구', 'KR', 1500000, 750000, 750000, '2026-06-03 18:00:00', '2026-07-18', 'https://www.wanted.co.kr/wd/300092'),
(300093, 20, '주니어 프로덕트 매니저', 'active', 507, 'regular', 0, 2, '서울 성동구', 'KR', 700000, 350000, 350000, '2026-06-25 14:00:00', NULL, 'https://www.wanted.co.kr/wd/300093'),
(300094, 20, '주니어 iOS 개발자', 'active', 518, 'regular', 0, 2, '서울 성동구', 'KR', 1000000, 500000, 500000, '2026-06-20 07:00:00', NULL, 'https://www.wanted.co.kr/wd/300094'),
(300095, 17, '데이터 엔지니어', 'active', 517, 'regular', 5, 10, '서울 중구', 'KR', 700000, 350000, 350000, '2026-06-12 11:00:00', '2026-08-24', 'https://www.wanted.co.kr/wd/300095'),
(300096, 14, '프로덕트 매니저', 'active', 507, 'regular', 2, 9, '경기 수원시', 'KR', 500000, 250000, 250000, '2026-06-01 07:00:00', '2026-08-14', 'https://www.wanted.co.kr/wd/300096'),
(300097, 3, '시니어 인프라 엔지니어', 'active', 518, 'regular', 7, 10, '서울 영등포구', 'KR', 1000000, 500000, 500000, '2026-06-16 10:00:00', '2026-07-20', 'https://www.wanted.co.kr/wd/300097'),
(300098, 11, '인프라 엔지니어', 'active', 518, 'regular', 1, 6, '제주 제주시', 'KR', 1000000, 500000, 500000, '2026-05-10 15:00:00', '2026-07-19', 'https://www.wanted.co.kr/wd/300098'),
(300099, 17, '리드 브랜드 마케터', 'active', 523, 'regular', 5, 10, '서울 중구', 'KR', 2000000, 1000000, 1000000, '2026-06-07 09:00:00', NULL, 'https://www.wanted.co.kr/wd/300099'),
(300100, 17, '시니어 플랫폼 서버 엔지니어', 'active', 518, 'contract', 5, 10, '서울 중구', 'KR', 1000000, 500000, 500000, '2026-06-12 07:00:00', '2026-08-14', 'https://www.wanted.co.kr/wd/300100'),
(300101, 3, '그로스 마케터', 'active', 523, 'regular', 0, 3, '서울 영등포구', 'KR', 1000000, 500000, 500000, '2026-06-27 08:00:00', NULL, 'https://www.wanted.co.kr/wd/300101'),
(300102, 9, '리드 브랜드 마케터', 'active', 523, 'regular', 7, 10, '대전 유성구', 'KR', 1000000, 500000, 500000, '2026-05-24 14:00:00', '2026-06-23', 'https://www.wanted.co.kr/wd/300102'),
(300103, 3, '리드 데이터 분석가', 'active', 517, 'regular', 5, 10, '서울 영등포구', 'KR', 1500000, 750000, 750000, '2026-07-01 15:00:00', '2026-08-12', 'https://www.wanted.co.kr/wd/300103'),
(300104, 6, '시니어 UX/UI 디자이너', 'close', 511, 'regular', 8, 10, '경기 성남시 분당구', 'KR', 500000, 250000, 250000, '2026-05-11 11:00:00', '2026-06-27', 'https://www.wanted.co.kr/wd/300104'),
(300105, 12, '데이터 플랫폼 엔지니어', 'active', 517, 'regular', 3, 10, '판교', 'KR', 2000000, 1000000, 1000000, '2026-06-20 14:00:00', '2026-08-18', 'https://www.wanted.co.kr/wd/300105'),
(300106, 17, '프로덕트 매니저', 'active', 507, 'regular', 0, 3, '서울 중구', 'KR', 1000000, 500000, 500000, '2026-05-25 13:00:00', '2026-07-21', 'https://www.wanted.co.kr/wd/300106'),
(300107, 19, '주니어 데이터 엔지니어', 'active', 517, 'regular', 0, 3, '서울 역삼동', 'KR', 500000, 250000, 250000, '2026-04-23 13:00:00', '2026-06-30', 'https://www.wanted.co.kr/wd/300107'),
(300108, 10, '웹 프론트엔드 엔지니어', 'active', 518, 'regular', 0, 5, '서울 용산구', 'KR', 500000, 250000, 250000, '2026-05-21 11:00:00', '2026-06-24', 'https://www.wanted.co.kr/wd/300108'),
(300109, 4, '리드 프로덕트 애널리스트', 'close', 517, 'regular', 8, 10, '서울 송파구', 'KR', 2000000, 1000000, 1000000, '2026-05-06 07:00:00', '2026-06-28', 'https://www.wanted.co.kr/wd/300109'),
(300110, 20, '주니어 iOS 개발자', 'active', 518, 'contract', 0, 2, '서울 성동구', 'KR', 1500000, 750000, 750000, '2026-06-08 06:00:00', '2026-08-14', 'https://www.wanted.co.kr/wd/300110'),
(300111, 10, '그래픽 디자이너', 'active', 511, 'regular', 1, 6, '서울 용산구', 'KR', 1500000, 750000, 750000, '2026-05-08 13:00:00', '2026-07-09', 'https://www.wanted.co.kr/wd/300111'),
(300112, 9, '주니어 퍼포먼스 마케터', 'active', 523, 'regular', 0, 2, '대전 유성구', 'KR', 2000000, 1000000, 1000000, '2026-06-16 10:00:00', '2026-08-20', 'https://www.wanted.co.kr/wd/300112'),
(300113, 11, '인프라 엔지니어', 'active', 518, 'regular', 0, 5, '제주 제주시', 'KR', 700000, 350000, 350000, '2026-06-06 18:00:00', '2026-07-22', 'https://www.wanted.co.kr/wd/300113'),
(300114, 10, '주니어 프로덕트 디자이너', 'active', 511, 'regular', 0, 2, '서울 용산구', 'KR', 1000000, 500000, 500000, '2026-06-06 17:00:00', '2026-07-17', 'https://www.wanted.co.kr/wd/300114'),
(300115, 14, '시니어 인프라 엔지니어', 'active', 518, 'intern', 0, 1, '경기 수원시', 'KR', 1000000, 500000, 500000, '2026-06-24 18:00:00', '2026-08-07', 'https://www.wanted.co.kr/wd/300115'),
(300116, 7, '주니어 전략 기획 매니저', 'active', 507, 'intern', 0, 1, '서울 성수동', 'KR', 700000, 350000, 350000, '2026-06-24 06:00:00', '2026-08-16', 'https://www.wanted.co.kr/wd/300116'),
(300117, 12, 'UX/UI 디자이너', 'active', 511, 'regular', 3, 8, '판교', 'KR', 2000000, 1000000, 1000000, '2026-05-21 13:00:00', '2026-07-17', 'https://www.wanted.co.kr/wd/300117'),
(300118, 19, '데이터 플랫폼 엔지니어', 'active', 517, 'regular', 0, 7, '서울 역삼동', 'KR', 2000000, 1000000, 1000000, '2026-06-15 11:00:00', '2026-08-28', 'https://www.wanted.co.kr/wd/300118'),
(300119, 20, '리드 데이터 분석가', 'active', 517, 'regular', 8, 10, '서울 성동구', 'KR', 1000000, 500000, 500000, '2026-06-15 14:00:00', '2026-07-23', 'https://www.wanted.co.kr/wd/300119'),
(300120, 16, '시니어 백엔드 엔지니어', 'active', 518, 'regular', 5, 10, '인천 송도', 'KR', 2000000, 1000000, 1000000, '2026-06-03 15:00:00', '2026-07-13', 'https://www.wanted.co.kr/wd/300120'),
(300121, 1, '그래픽 디자이너', 'active', 511, 'regular', 3, 6, '서울 강남구', 'KR', 500000, 250000, 250000, '2026-06-17 16:00:00', '2026-08-30', 'https://www.wanted.co.kr/wd/300121'),
(300122, 8, 'UX/UI 디자이너', 'active', 511, 'regular', 1, 5, '서울 마포구', 'KR', 1000000, 500000, 500000, '2026-05-16 06:00:00', '2026-07-23', 'https://www.wanted.co.kr/wd/300122'),
(300123, 5, '서비스 기획자', 'active', 507, 'regular', 3, 7, '서울 잠실', 'KR', 1500000, 750000, 750000, '2026-06-12 08:00:00', '2026-07-26', 'https://www.wanted.co.kr/wd/300123'),
(300124, 7, 'Android 엔지니어', 'active', 518, 'regular', 3, 7, '서울 성수동', 'KR', 1000000, 500000, 500000, '2026-06-05 11:00:00', '2026-08-08', 'https://www.wanted.co.kr/wd/300124'),
(300125, 16, '리드 데이터 엔지니어', 'active', 517, 'regular', 5, 10, '인천 송도', 'KR', 1500000, 750000, 750000, '2026-06-17 07:00:00', '2026-08-26', 'https://www.wanted.co.kr/wd/300125'),
(300126, 19, '시니어 콘텐츠 마케터', 'active', 523, 'intern', 0, 1, '서울 역삼동', 'KR', 1000000, 500000, 500000, '2026-07-04 14:00:00', '2026-09-05', 'https://www.wanted.co.kr/wd/300126'),
(300127, 12, 'DevOps 엔지니어', 'close', 518, 'regular', 0, 3, '판교', 'KR', 1500000, 750000, 750000, '2026-04-27 07:00:00', '2026-07-01', 'https://www.wanted.co.kr/wd/300127'),
(300128, 15, '플랫폼 서버 엔지니어', 'active', 518, 'regular', 3, 8, '서울 합정동', 'KR', 1000000, 500000, 500000, '2026-06-12 06:00:00', '2026-08-06', 'https://www.wanted.co.kr/wd/300128'),
(300129, 3, 'Android 엔지니어', 'active', 518, 'contract', 0, 3, '서울 영등포구', 'KR', 1000000, 500000, 500000, '2026-06-14 18:00:00', '2026-08-12', 'https://www.wanted.co.kr/wd/300129'),
(300130, 11, '리드 프로덕트 오너', 'active', 507, 'regular', 7, 10, '제주 제주시', 'KR', 700000, 350000, 350000, '2026-07-06 17:00:00', '2026-08-10', 'https://www.wanted.co.kr/wd/300130'),
(300131, 15, '주니어 SRE', 'active', 518, 'regular', 0, 3, '서울 합정동', 'KR', 2000000, 1000000, 1000000, '2026-06-16 16:00:00', '2026-07-16', 'https://www.wanted.co.kr/wd/300131'),
(300132, 10, '시니어 콘텐츠 마케터', 'active', 523, 'regular', 5, 10, '서울 용산구', 'KR', 2000000, 1000000, 1000000, '2026-06-20 06:00:00', NULL, 'https://www.wanted.co.kr/wd/300132'),
(300133, 1, '시니어 DevOps 엔지니어', 'active', 518, 'regular', 5, 10, '서울 강남구', 'KR', 1000000, 500000, 500000, '2026-06-07 16:00:00', '2026-07-19', 'https://www.wanted.co.kr/wd/300133'),
(300134, 9, '리드 DevOps 엔지니어', 'active', 518, 'regular', 8, 10, '대전 유성구', 'KR', 700000, 350000, 350000, '2026-06-03 16:00:00', '2026-07-03', 'https://www.wanted.co.kr/wd/300134'),
(300135, 13, 'iOS 앱 엔지니어', 'close', 518, 'regular', 0, 5, '서울 강남구', 'KR', 1500000, 750000, 750000, '2026-05-14 08:00:00', '2026-07-01', 'https://www.wanted.co.kr/wd/300135'),
(300136, 19, 'Android 엔지니어', 'active', 518, 'intern', 0, 1, '서울 역삼동', 'KR', 1000000, 500000, 500000, '2026-07-06 07:00:00', '2026-08-30', 'https://www.wanted.co.kr/wd/300136'),
(300137, 20, '인프라 엔지니어', 'active', 518, 'regular', 1, 5, '서울 성동구', 'KR', 700000, 350000, 350000, '2026-06-27 14:00:00', '2026-08-03', 'https://www.wanted.co.kr/wd/300137'),
(300138, 10, '웹 프론트엔드 엔지니어', 'active', 518, 'regular', 3, 6, '서울 용산구', 'KR', 2000000, 1000000, 1000000, '2026-06-10 09:00:00', '2026-08-19', 'https://www.wanted.co.kr/wd/300138'),
(300139, 18, '인프라 엔지니어', 'active', 518, 'regular', 5, 8, '판교', 'KR', 500000, 250000, 250000, '2026-07-04 07:00:00', '2026-08-30', 'https://www.wanted.co.kr/wd/300139'),
(300140, 10, '시니어 그래픽 디자이너', 'active', 511, 'regular', 8, 10, '서울 용산구', 'KR', 500000, 250000, 250000, '2026-06-13 15:00:00', '2026-08-02', 'https://www.wanted.co.kr/wd/300140'),
(300141, 12, '시니어 그로스 마케터', 'active', 523, 'regular', 5, 10, '판교', 'KR', 1500000, 750000, 750000, '2026-05-30 18:00:00', NULL, 'https://www.wanted.co.kr/wd/300141'),
(300142, 20, '주니어 데이터 엔지니어', 'active', 517, 'regular', 0, 2, '서울 성동구', 'KR', 1500000, 750000, 750000, '2026-05-22 17:00:00', '2026-07-15', 'https://www.wanted.co.kr/wd/300142'),
(300143, 20, 'iOS 앱 엔지니어', 'active', 518, 'regular', 0, 7, '서울 성동구', 'KR', 2000000, 1000000, 1000000, '2026-06-17 08:00:00', '2026-08-11', 'https://www.wanted.co.kr/wd/300143'),
(300144, 10, '백엔드 엔지니어', 'active', 518, 'regular', 2, 5, '서울 용산구', 'KR', 500000, 250000, 250000, '2026-05-26 18:00:00', '2026-08-01', 'https://www.wanted.co.kr/wd/300144'),
(300145, 10, '주니어 Android 엔지니어', 'active', 518, 'regular', 0, 3, '서울 용산구', 'KR', 700000, 350000, 350000, '2026-05-21 11:00:00', '2026-06-24', 'https://www.wanted.co.kr/wd/300145'),
(300146, 3, '리드 인프라 엔지니어', 'active', 518, 'regular', 8, 10, '서울 영등포구', 'KR', 2000000, 1000000, 1000000, '2026-05-23 18:00:00', '2026-07-28', 'https://www.wanted.co.kr/wd/300146'),
(300147, 16, '리드 ML 리서치 엔지니어', 'active', 517, 'regular', 5, 10, '인천 송도', 'KR', 1500000, 750000, 750000, '2026-06-05 14:00:00', NULL, 'https://www.wanted.co.kr/wd/300147'),
(300148, 11, 'ML 리서치 엔지니어', 'active', 517, 'intern', 0, 1, '제주 제주시', 'KR', 700000, 350000, 350000, '2026-06-22 08:00:00', '2026-08-17', 'https://www.wanted.co.kr/wd/300148'),
(300149, 2, 'iOS 개발자', 'active', 518, 'regular', 2, 5, '서울 서초구', 'KR', 1000000, 500000, 500000, '2026-06-18 17:00:00', '2026-07-30', 'https://www.wanted.co.kr/wd/300149'),
(300150, 6, '주니어 프로덕트 매니저', 'active', 507, 'intern', 0, 1, '경기 성남시 분당구', 'KR', 1500000, 750000, 750000, '2026-06-24 13:00:00', NULL, 'https://www.wanted.co.kr/wd/300150'),
(300151, 19, '전략 기획 매니저', 'active', 507, 'regular', 2, 7, '서울 역삼동', 'KR', 1500000, 750000, 750000, '2026-06-22 18:00:00', NULL, 'https://www.wanted.co.kr/wd/300151'),
(300152, 20, '시니어 SRE', 'active', 518, 'regular', 8, 10, '서울 성동구', 'KR', 1000000, 500000, 500000, '2026-06-09 15:00:00', '2026-08-01', 'https://www.wanted.co.kr/wd/300152'),
(300153, 7, '리드 AI 엔지니어', 'active', 517, 'regular', 8, 10, '서울 성수동', 'KR', 2000000, 1000000, 1000000, '2026-06-30 10:00:00', '2026-09-11', 'https://www.wanted.co.kr/wd/300153'),
(300154, 12, '웹 프론트엔드 엔지니어', 'active', 518, 'contract', 0, 3, '판교', 'KR', 500000, 250000, 250000, '2026-05-28 17:00:00', '2026-08-04', 'https://www.wanted.co.kr/wd/300154'),
(300155, 5, '주니어 데이터 엔지니어', 'active', 517, 'regular', 0, 2, '서울 잠실', 'KR', 1000000, 500000, 500000, '2026-06-27 17:00:00', '2026-08-13', 'https://www.wanted.co.kr/wd/300155'),
(300156, 9, 'iOS 앱 엔지니어', 'active', 518, 'regular', 2, 6, '대전 유성구', 'KR', 1000000, 500000, 500000, '2026-07-06 07:00:00', '2026-09-07', 'https://www.wanted.co.kr/wd/300156'),
(300157, 2, '시니어 프로덕트 매니저', 'active', 507, 'contract', 8, 10, '서울 서초구', 'KR', 2000000, 1000000, 1000000, '2026-06-17 12:00:00', NULL, 'https://www.wanted.co.kr/wd/300157'),
(300158, 6, '인프라 엔지니어', 'active', 518, 'contract', 5, 10, '경기 성남시 분당구', 'KR', 1000000, 500000, 500000, '2026-05-15 10:00:00', '2026-07-22', 'https://www.wanted.co.kr/wd/300158'),
(300159, 10, '프로덕트 매니저', 'active', 507, 'regular', 2, 5, '서울 용산구', 'KR', 500000, 250000, 250000, '2026-06-09 14:00:00', '2026-07-30', 'https://www.wanted.co.kr/wd/300159'),
(300160, 4, '그로스 마케터', 'active', 523, 'regular', 0, 5, '서울 송파구', 'KR', 500000, 250000, 250000, '2026-06-19 10:00:00', '2026-07-22', 'https://www.wanted.co.kr/wd/300160'),
(300161, 13, '주니어 Android 엔지니어', 'active', 518, 'intern', 0, 1, '서울 강남구', 'KR', 1500000, 750000, 750000, '2026-07-01 12:00:00', '2026-08-06', 'https://www.wanted.co.kr/wd/300161'),
(300162, 3, '전략 기획 매니저', 'active', 507, 'regular', 0, 4, '서울 영등포구', 'KR', 700000, 350000, 350000, '2026-05-15 17:00:00', '2026-07-16', 'https://www.wanted.co.kr/wd/300162'),
(300163, 6, 'React 개발자', 'active', 518, 'regular', 3, 6, '경기 성남시 분당구', 'KR', 2000000, 1000000, 1000000, '2026-05-09 07:00:00', NULL, 'https://www.wanted.co.kr/wd/300163'),
(300164, 20, '리드 프로덕트 디자이너', 'active', 511, 'regular', 7, 10, '서울 성동구', 'KR', 2000000, 1000000, 1000000, '2026-06-24 13:00:00', '2026-08-24', 'https://www.wanted.co.kr/wd/300164'),
(300165, 6, '리드 그래픽 디자이너', 'active', 511, 'regular', 5, 10, '경기 성남시 분당구', 'KR', 1000000, 500000, 500000, '2026-05-26 18:00:00', '2026-07-06', 'https://www.wanted.co.kr/wd/300165'),
(300166, 12, '안드로이드 개발자', 'active', 518, 'regular', 0, 5, '판교', 'KR', 500000, 250000, 250000, '2026-06-14 14:00:00', '2026-08-26', 'https://www.wanted.co.kr/wd/300166'),
(300167, 5, '전략 기획 매니저', 'active', 507, 'intern', 0, 1, '서울 잠실', 'KR', 2000000, 1000000, 1000000, '2026-05-13 17:00:00', '2026-07-03', 'https://www.wanted.co.kr/wd/300167'),
(300168, 4, 'React 개발자', 'close', 518, 'regular', 0, 3, '서울 송파구', 'KR', 1000000, 500000, 500000, '2026-05-14 08:00:00', '2026-07-09', 'https://www.wanted.co.kr/wd/300168'),
(300169, 17, '전략 기획 매니저', 'active', 507, 'regular', 3, 10, '서울 중구', 'KR', 500000, 250000, 250000, '2026-06-28 08:00:00', '2026-08-04', 'https://www.wanted.co.kr/wd/300169'),
(300170, 19, '안드로이드 개발자', 'active', 518, 'regular', 3, 6, '서울 역삼동', 'KR', 1500000, 750000, 750000, '2026-06-30 06:00:00', '2026-08-02', 'https://www.wanted.co.kr/wd/300170'),
(300171, 2, '시니어 서비스 기획자', 'active', 507, 'contract', 8, 10, '서울 서초구', 'KR', 2000000, 1000000, 1000000, '2026-06-30 07:00:00', '2026-08-24', 'https://www.wanted.co.kr/wd/300171'),
(300172, 3, '시니어 UX/UI 디자이너', 'active', 511, 'regular', 5, 10, '서울 영등포구', 'KR', 1000000, 500000, 500000, '2026-05-28 15:00:00', NULL, 'https://www.wanted.co.kr/wd/300172'),
(300173, 20, '시니어 웹 프론트엔드 엔지니어', 'active', 518, 'regular', 8, 10, '서울 성동구', 'KR', 1000000, 500000, 500000, '2026-06-20 11:00:00', '2026-08-17', 'https://www.wanted.co.kr/wd/300173'),
(300174, 10, '그로스 마케터', 'active', 523, 'regular', 0, 3, '서울 용산구', 'KR', 700000, 350000, 350000, '2026-06-16 17:00:00', '2026-08-25', 'https://www.wanted.co.kr/wd/300174'),
(300175, 18, 'iOS 개발자', 'active', 518, 'regular', 5, 8, '판교', 'KR', 500000, 250000, 250000, '2026-06-25 11:00:00', '2026-08-31', 'https://www.wanted.co.kr/wd/300175'),
(300176, 15, '시니어 ML 리서치 엔지니어', 'active', 517, 'regular', 5, 10, '서울 합정동', 'KR', 1500000, 750000, 750000, '2026-07-01 10:00:00', '2026-08-08', 'https://www.wanted.co.kr/wd/300176'),
(300177, 3, '브랜드 마케터', 'active', 523, 'regular', 0, 3, '서울 영등포구', 'KR', 2000000, 1000000, 1000000, '2026-06-01 10:00:00', '2026-08-12', 'https://www.wanted.co.kr/wd/300177'),
(300178, 4, 'Android 엔지니어', 'active', 518, 'regular', 3, 8, '서울 송파구', 'KR', 1000000, 500000, 500000, '2026-06-22 15:00:00', NULL, 'https://www.wanted.co.kr/wd/300178'),
(300179, 7, '리드 데이터 엔지니어', 'active', 517, 'contract', 5, 10, '서울 성수동', 'KR', 500000, 250000, 250000, '2026-06-03 18:00:00', '2026-07-21', 'https://www.wanted.co.kr/wd/300179'),
(300180, 6, 'Android 엔지니어', 'active', 518, 'regular', 0, 7, '경기 성남시 분당구', 'KR', 700000, 350000, 350000, '2026-06-21 15:00:00', '2026-08-06', 'https://www.wanted.co.kr/wd/300180'),
(300181, 2, '리드 Java 백엔드 개발자', 'active', 518, 'regular', 5, 10, '서울 서초구', 'KR', 1500000, 750000, 750000, '2026-07-13 10:00:00', '2026-08-29', 'https://www.wanted.co.kr/wd/300181'),
(300182, 20, '주니어 인프라 엔지니어', 'active', 518, 'regular', 0, 2, '서울 성동구', 'KR', 1000000, 500000, 500000, '2026-06-26 18:00:00', '2026-08-29', 'https://www.wanted.co.kr/wd/300182'),
(300183, 3, '시니어 웹 프론트엔드 엔지니어', 'active', 518, 'regular', 8, 10, '서울 영등포구', 'KR', 2000000, 1000000, 1000000, '2026-07-05 07:00:00', '2026-08-26', 'https://www.wanted.co.kr/wd/300183'),
(300184, 5, '주니어 Android 엔지니어', 'active', 518, 'contract', 0, 2, '서울 잠실', 'KR', 500000, 250000, 250000, '2026-05-25 16:00:00', '2026-07-25', 'https://www.wanted.co.kr/wd/300184'),
(300185, 16, '리드 브랜드 디자이너', 'active', 511, 'regular', 8, 10, '인천 송도', 'KR', 700000, 350000, 350000, '2026-06-15 15:00:00', NULL, 'https://www.wanted.co.kr/wd/300185'),
(300186, 12, '프로덕트 오너', 'active', 507, 'regular', 5, 9, '판교', 'KR', 1000000, 500000, 500000, '2026-06-13 11:00:00', NULL, 'https://www.wanted.co.kr/wd/300186'),
(300187, 20, '시니어 그래픽 디자이너', 'active', 511, 'regular', 8, 10, '서울 성동구', 'KR', 500000, 250000, 250000, '2026-06-08 09:00:00', NULL, 'https://www.wanted.co.kr/wd/300187'),
(300188, 10, '시니어 웹 프론트엔드 엔지니어', 'active', 518, 'contract', 5, 10, '서울 용산구', 'KR', 500000, 250000, 250000, '2026-06-17 17:00:00', '2026-07-30', 'https://www.wanted.co.kr/wd/300188'),
(300189, 2, '주니어 백엔드 엔지니어', 'active', 518, 'regular', 0, 2, '서울 서초구', 'KR', 1000000, 500000, 500000, '2026-05-01 16:00:00', NULL, 'https://www.wanted.co.kr/wd/300189'),
(300190, 15, '브랜드 마케터', 'active', 523, 'regular', 3, 10, '서울 합정동', 'KR', 500000, 250000, 250000, '2026-06-20 11:00:00', '2026-08-03', 'https://www.wanted.co.kr/wd/300190');
INSERT INTO job_tags (job_id, tag_id) VALUES
(300001, 677),
(300001, 2119),
(300002, 1032),
(300002, 2842),
(300002, 2634),
(300003, 2386),
(300003, 669),
(300003, 3078),
(300003, 2551),
(300004, 665),
(300004, 2217),
(300004, 2276),
(300005, 1866),
(300005, 899),
(300005, 2903),
(300006, 2094),
(300006, 2521),
(300006, 878),
(300007, 1024),
(300007, 2217),
(300007, 2842),
(300007, 2094),
(300008, 1866),
(300008, 899),
(300008, 2903),
(300009, 2521),
(300009, 2955),
(300009, 876),
(300010, 2521),
(300010, 2842),
(300010, 2634),
(300010, 1030),
(300011, 3776),
(300011, 2225),
(300011, 1634),
(300011, 2217),
(300012, 677),
(300012, 2119),
(300013, 2521),
(300013, 2955),
(300013, 876),
(300014, 2955),
(300014, 876),
(300014, 2094),
(300015, 677),
(300015, 2119),
(300016, 2276),
(300016, 872),
(300016, 2094),
(300016, 2225),
(300016, 2551),
(300017, 1866),
(300017, 2903),
(300017, 895),
(300018, 1411),
(300018, 2276),
(300018, 2217),
(300018, 2225),
(300018, 665),
(300019, 2386),
(300019, 669),
(300019, 3078),
(300019, 2551),
(300020, 677),
(300020, 2119),
(300021, 2386),
(300021, 669),
(300021, 3078),
(300021, 2551),
(300022, 872),
(300022, 2217),
(300022, 1698),
(300023, 2521),
(300023, 2955),
(300023, 878),
(300024, 677),
(300024, 2119),
(300025, 1698),
(300025, 2276),
(300025, 872),
(300025, 2217),
(300025, 2412),
(300026, 1698),
(300026, 2412),
(300026, 678),
(300027, 1698),
(300027, 2412),
(300027, 678),
(300028, 2094),
(300028, 2521),
(300028, 2955),
(300028, 878),
(300029, 2386),
(300029, 669),
(300029, 3078),
(300029, 2551),
(300030, 1698),
(300030, 2412),
(300030, 678),
(300031, 1025),
(300031, 2225),
(300031, 2731),
(300031, 2094),
(300032, 2386),
(300032, 669),
(300032, 3078),
(300032, 2551),
(300033, 1698),
(300033, 2412),
(300033, 678),
(300034, 1024),
(300034, 2217),
(300034, 2094),
(300035, 1032),
(300035, 2521),
(300035, 2634),
(300035, 2842),
(300036, 872),
(300036, 2225),
(300036, 1411),
(300036, 2551),
(300037, 1866),
(300037, 899),
(300037, 2903),
(300038, 1032),
(300038, 2521),
(300038, 2842),
(300038, 2634),
(300039, 677),
(300039, 2119),
(300040, 1866),
(300040, 899),
(300040, 2903),
(300041, 2521),
(300041, 2955),
(300041, 876),
(300041, 2094),
(300042, 2386),
(300042, 669),
(300042, 3078),
(300042, 2551),
(300043, 2094),
(300043, 2521),
(300043, 2955),
(300043, 878),
(300044, 1698),
(300044, 2412),
(300044, 678),
(300045, 1866),
(300045, 2903),
(300045, 895),
(300046, 1024),
(300046, 2217),
(300046, 2842),
(300046, 2094),
(300047, 2521),
(300047, 2634),
(300047, 2842),
(300047, 1030),
(300048, 2217),
(300048, 1634),
(300048, 2225),
(300049, 3776),
(300049, 2217),
(300049, 1634),
(300049, 2225),
(300050, 677),
(300050, 2119),
(300051, 2521),
(300051, 876),
(300051, 2094),
(300052, 3776),
(300052, 2225),
(300052, 1634),
(300053, 1698),
(300053, 2412),
(300053, 678),
(300054, 1032),
(300054, 2521),
(300054, 2634),
(300055, 1032),
(300055, 2521),
(300055, 2634),
(300055, 2842),
(300056, 3776),
(300056, 2225),
(300056, 1634),
(300056, 2217),
(300057, 1032),
(300057, 2521),
(300057, 2842),
(300057, 2634),
(300058, 2094),
(300058, 2521),
(300058, 2955),
(300058, 878),
(300059, 1025),
(300059, 2217),
(300059, 2731),
(300059, 2225),
(300059, 2450),
(300060, 1032),
(300060, 2521),
(300060, 2634),
(300060, 2842),
(300061, 1698),
(300061, 2412),
(300061, 678),
(300062, 665),
(300062, 1411),
(300062, 2276),
(300063, 677),
(300063, 2119),
(300064, 1866),
(300064, 2903),
(300064, 895),
(300065, 1025),
(300065, 2225),
(300065, 2217),
(300066, 2386),
(300066, 669),
(300066, 3078),
(300066, 2551),
(300067, 1411),
(300067, 2276),
(300067, 2217),
(300067, 2225),
(300067, 665),
(300068, 1025),
(300068, 2217),
(300068, 2225),
(300068, 2094),
(300069, 1866),
(300069, 899),
(300069, 2903),
(300070, 2094),
(300070, 2955),
(300070, 878),
(300071, 677),
(300071, 2119),
(300072, 2386),
(300072, 669),
(300072, 2551),
(300073, 1025),
(300073, 2217),
(300073, 2094),
(300073, 2225),
(300073, 2450),
(300074, 1866),
(300074, 899),
(300074, 2903),
(300075, 872),
(300075, 1698),
(300075, 2276),
(300076, 872),
(300076, 2217),
(300076, 1698),
(300077, 2521),
(300077, 2955),
(300077, 876),
(300077, 2094),
(300078, 2634),
(300078, 2842),
(300078, 1030),
(300079, 1698),
(300079, 2412),
(300079, 678),
(300080, 2225),
(300080, 1634),
(300080, 2217),
(300081, 1024),
(300081, 2842),
(300081, 2094),
(300082, 1698),
(300082, 2412),
(300082, 678),
(300083, 2521),
(300083, 2955),
(300083, 878),
(300084, 1698),
(300084, 2412),
(300084, 678),
(300085, 1024),
(300085, 2217),
(300085, 2842),
(300085, 2094),
(300086, 677),
(300086, 2119),
(300087, 677),
(300087, 2119),
(300088, 2386),
(300088, 669),
(300088, 3078),
(300088, 2551),
(300089, 677),
(300089, 2119),
(300090, 665),
(300090, 1411),
(300090, 2276),
(300091, 1032),
(300091, 2634),
(300091, 2842),
(300092, 1025),
(300092, 2217),
(300092, 2094),
(300092, 2225),
(300092, 2450),
(300093, 2521),
(300093, 2955),
(300093, 876),
(300093, 2094),
(300094, 677),
(300094, 2119),
(300095, 1025),
(300095, 2217),
(300095, 2094),
(300095, 2225),
(300095, 2450),
(300096, 2521),
(300096, 2955),
(300096, 876),
(300096, 2094),
(300097, 665),
(300097, 2217),
(300097, 1411),
(300098, 665),
(300098, 2225),
(300098, 2276),
(300099, 1032),
(300099, 2634),
(300099, 2842),
(300100, 872),
(300100, 2217),
(300100, 1411),
(300101, 2521),
(300101, 2842),
(300101, 2634),
(300101, 1030),
(300102, 1032),
(300102, 2521),
(300102, 2634),
(300102, 2842),
(300103, 1024),
(300103, 2217),
(300103, 2842),
(300103, 2094),
(300104, 1866),
(300104, 2903),
(300104, 895),
(300105, 1025),
(300105, 2731),
(300105, 2094),
(300106, 2521),
(300106, 876),
(300106, 2094),
(300107, 1025),
(300107, 2450),
(300107, 2225),
(300108, 2386),
(300108, 669),
(300108, 3078),
(300108, 2551),
(300109, 1024),
(300109, 2217),
(300109, 2842),
(300109, 2094),
(300110, 677),
(300110, 2119),
(300111, 1866),
(300111, 899),
(300111, 2903),
(300112, 2521),
(300112, 2842),
(300112, 1030),
(300113, 665),
(300113, 2225),
(300113, 2276),
(300114, 1866),
(300114, 2903),
(300114, 895),
(300115, 665),
(300115, 2217),
(300115, 2225),
(300115, 1411),
(300116, 2094),
(300116, 2521),
(300116, 2955),
(300116, 878),
(300117, 1866),
(300117, 2903),
(300117, 895),
(300118, 2225),
(300118, 1025),
(300118, 2217),
(300118, 2731),
(300119, 1024),
(300119, 2842),
(300119, 2094),
(300120, 872),
(300120, 1698),
(300120, 2412),
(300120, 2551),
(300121, 1866),
(300121, 899),
(300121, 2903),
(300122, 1866),
(300122, 2903),
(300122, 895),
(300123, 2521),
(300123, 2955),
(300123, 878),
(300124, 1698),
(300124, 2412),
(300124, 678),
(300125, 1025),
(300125, 2731),
(300125, 2094),
(300125, 2225),
(300125, 2450),
(300126, 1032),
(300126, 2521),
(300126, 2842),
(300127, 665),
(300127, 2225),
(300127, 2217),
(300128, 872),
(300128, 2217),
(300128, 1698),
(300129, 1698),
(300129, 2412),
(300129, 678),
(300130, 2521),
(300130, 2955),
(300130, 876),
(300130, 2094),
(300131, 665),
(300131, 2217),
(300131, 2225),
(300131, 2276),
(300132, 1032),
(300132, 2521),
(300132, 2842),
(300132, 2634),
(300133, 665),
(300133, 2225),
(300133, 2276),
(300134, 665),
(300134, 2225),
(300134, 2276),
(300134, 1411),
(300135, 677),
(300135, 2119),
(300136, 1698),
(300136, 2412),
(300136, 678),
(300137, 1411),
(300137, 2276),
(300137, 2217),
(300137, 2225),
(300137, 665),
(300138, 2386),
(300138, 669),
(300138, 3078),
(300138, 2551),
(300139, 665),
(300139, 2225),
(300139, 2217),
(300139, 2276),
(300140, 1866),
(300140, 899),
(300140, 2903),
(300141, 2521),
(300141, 2634),
(300141, 2842),
(300141, 1030),
(300142, 1025),
(300142, 2450),
(300142, 2731),
(300142, 2094),
(300143, 677),
(300143, 2119),
(300144, 872),
(300144, 2217),
(300144, 1698),
(300144, 2094),
(300145, 1698),
(300145, 2412),
(300145, 678),
(300146, 1411),
(300146, 2276),
(300146, 2217),
(300146, 2225),
(300146, 665),
(300147, 2225),
(300147, 1634),
(300147, 2217),
(300148, 3776),
(300148, 2217),
(300148, 1634),
(300148, 2225),
(300149, 677),
(300149, 2119),
(300150, 2521),
(300150, 2955),
(300150, 876),
(300150, 2094),
(300151, 2094),
(300151, 2521),
(300151, 2955),
(300151, 878),
(300152, 665),
(300152, 2225),
(300152, 2217),
(300152, 2276),
(300153, 2225),
(300153, 1634),
(300153, 2217),
(300154, 2386),
(300154, 669),
(300154, 2551),
(300155, 1025),
(300155, 2217),
(300155, 2731),
(300155, 2094),
(300155, 2450),
(300156, 677),
(300156, 2119),
(300157, 2521),
(300157, 2955),
(300157, 876),
(300157, 2094),
(300158, 665),
(300158, 2217),
(300158, 2225),
(300158, 1411),
(300159, 2521),
(300159, 876),
(300159, 2094),
(300160, 2521),
(300160, 2634),
(300160, 2842),
(300160, 1030),
(300161, 1698),
(300161, 2412),
(300161, 678),
(300162, 2094),
(300162, 2955),
(300162, 878),
(300163, 2386),
(300163, 669),
(300163, 3078),
(300163, 2551),
(300164, 1866),
(300164, 2903),
(300164, 895),
(300165, 1866),
(300165, 899),
(300165, 2903),
(300166, 1698),
(300166, 2412),
(300166, 678),
(300167, 2094),
(300167, 2521),
(300167, 2955),
(300167, 878),
(300168, 2386),
(300168, 669),
(300168, 3078),
(300168, 2551),
(300169, 2094),
(300169, 2521),
(300169, 2955),
(300169, 878),
(300170, 1698),
(300170, 2412),
(300170, 678),
(300171, 2521),
(300171, 2955),
(300171, 878),
(300172, 1866),
(300172, 2903),
(300172, 895),
(300173, 2386),
(300173, 669),
(300173, 3078),
(300173, 2551),
(300174, 2521),
(300174, 2634),
(300174, 2842),
(300174, 1030),
(300175, 677),
(300175, 2119),
(300176, 3776),
(300176, 2225),
(300176, 1634),
(300177, 1032),
(300177, 2521),
(300177, 2842),
(300178, 1698),
(300178, 2412),
(300178, 678),
(300179, 1025),
(300179, 2450),
(300179, 2225),
(300179, 2094),
(300180, 1698),
(300180, 2412),
(300180, 678),
(300181, 872),
(300181, 1698),
(300181, 2276),
(300181, 2551),
(300182, 1411),
(300182, 2276),
(300182, 2217),
(300182, 2225),
(300182, 665),
(300183, 2386),
(300183, 669),
(300183, 3078),
(300183, 2551),
(300184, 1698),
(300184, 2412),
(300184, 678),
(300185, 1866),
(300185, 899),
(300185, 2903),
(300186, 2521),
(300186, 876),
(300186, 2094),
(300187, 1866),
(300187, 899),
(300187, 2903),
(300188, 2386),
(300188, 669),
(300188, 3078),
(300188, 2551),
(300189, 1698),
(300189, 1411),
(300189, 872),
(300189, 2412),
(300189, 2094),
(300190, 1032),
(300190, 2521),
(300190, 2634);
COMMIT;
